"id","name","openingtime","closingtime","countryid"
1,"Orin","06:51:00","06:14:00",153
2,"Pennsylvania","06:20:00","05:37:00",32
3,"Lighthouse Bay","07:13:00","09:44:00",64
4,"Pawling","06:13:00","11:51:00",137
5,"Kipling","05:35:00","09:25:00",58
6,"Thompson","07:24:00","04:33:00",108
7,"Macpherson","07:05:00","08:48:00",75
8,"Merrick","07:35:00","06:04:00",179
9,"Meadow Ridge","06:33:00","06:23:00",105
10,"Ilene","06:47:00","07:14:00",144
11,"Lunder","05:21:00","06:01:00",65
12,"Cottonwood","07:11:00","05:24:00",24
13,"Clarendon","06:36:00","04:02:00",66
14,"Fisk","07:29:00","10:09:00",180
15,"Oak","07:26:00","07:21:00",109
16,"Warner","05:30:00","06:46:00",114
17,"Algoma","07:27:00","02:18:00",114
18,"Ohio","05:27:00","02:47:00",184
19,"Carberry","06:49:00","07:03:00",11
20,"Troy","06:43:00","07:56:00",128
21,"Eastlawn","06:37:00","09:56:00",182
22,"Crowley","07:35:00","04:34:00",10
23,"Prairieview","06:38:00","11:24:00",98
24,"Myrtle","05:44:00","03:52:00",32
25,"Coolidge","07:46:00","02:55:00",89
26,"Kensington","07:13:00","11:15:00",14
27,"Sunnyside","06:54:00","04:56:00",119
28,"Fordem","05:35:00","09:15:00",60
29,"Hollow Ridge","05:01:00","09:15:00",90
30,"Delaware","06:29:00","04:46:00",166
31,"Sheridan","07:36:00","08:14:00",68
32,"Trailsway","05:55:00","08:21:00",21
33,"Red Cloud","07:58:00","02:58:00",57
34,"Cardinal","06:19:00","02:56:00",184
35,"Ruskin","06:10:00","09:21:00",162
36,"Vermont","05:08:00","08:54:00",117
37,"Stang","06:52:00","03:46:00",52
38,"Nova","07:19:00","05:42:00",47
39,"Monterey","07:45:00","08:24:00",54
40,"Bay","06:42:00","06:00:00",41
41,"Orin","05:27:00","11:59:00",46
42,"Mayer","06:54:00","10:55:00",122
43,"Novick","07:00:00","04:41:00",38
44,"Forest Run","07:43:00","02:22:00",122
45,"Thompson","07:57:00","07:24:00",16
46,"Blaine","07:54:00","03:16:00",64
47,"Stoughton","05:15:00","03:21:00",192
48,"Summerview","07:28:00","09:27:00",174
49,"Southridge","05:11:00","05:41:00",14
50,"Dahle","05:14:00","06:57:00",93
51,"Muir","05:20:00","05:06:00",142
52,"Claremont","05:26:00","10:44:00",168
53,"Stang","05:33:00","07:34:00",111
54,"Oxford","06:18:00","07:58:00",41
55,"Canary","05:30:00","05:55:00",112
56,"Saint Paul","06:37:00","04:15:00",155
57,"Green","07:30:00","07:50:00",4
58,"Manitowish","07:06:00","04:19:00",188
59,"Haas","06:24:00","07:46:00",46
60,"Mallory","06:58:00","06:42:00",14
61,"Farragut","05:32:00","10:46:00",104
62,"Paget","05:39:00","10:53:00",194
63,"Cottonwood","07:31:00","10:29:00",185
64,"Alpine","07:30:00","08:34:00",18
65,"Stuart","06:37:00","08:07:00",54
66,"Fair Oaks","05:12:00","03:14:00",39
67,"Dottie","07:00:00","10:43:00",43
68,"Little Fleur","06:01:00","03:46:00",18
69,"Brickson Park","05:42:00","06:58:00",63
70,"Meadow Ridge","06:55:00","03:48:00",128
71,"Reindahl","07:52:00","09:20:00",103
72,"Harbort","05:21:00","07:00:00",4
73,"Anderson","06:24:00","10:14:00",114
74,"Saint Paul","05:17:00","05:41:00",12
75,"Pearson","07:24:00","04:33:00",85
76,"Boyd","07:17:00","05:52:00",33
77,"Paget","07:13:00","05:42:00",68
78,"Becker","05:39:00","09:17:00",191
79,"Ridgeview","07:10:00","10:34:00",18
80,"Kinsman","06:19:00","07:28:00",183
81,"Veith","05:49:00","04:33:00",20
82,"Johnson","05:12:00","10:57:00",3
83,"Mayfield","07:15:00","08:54:00",97
84,"Corben","06:38:00","02:53:00",131
85,"Glendale","06:36:00","07:37:00",130
86,"Dahle","06:08:00","05:16:00",37
87,"Mosinee","05:30:00","05:53:00",22
88,"Westridge","05:33:00","06:20:00",171
89,"Hooker","06:19:00","11:33:00",193
90,"Bultman","07:30:00","10:03:00",68
91,"Del Sol","05:31:00","04:09:00",104
92,"Welch","06:06:00","09:06:00",84
93,"West","06:10:00","04:58:00",134
94,"8th","07:15:00","07:58:00",131
95,"Anthes","05:42:00","08:31:00",1
96,"Lyons","06:13:00","07:06:00",53
97,"Haas","05:40:00","05:00:00",28
98,"Debs","06:04:00","11:19:00",23
99,"Mallory","06:50:00","08:16:00",124
100,"Bluestem","06:13:00","02:38:00",21
101,"3rd","07:22:00","05:48:00",2
102,"Brentwood","06:42:00","04:29:00",161
103,"Rusk","05:31:00","04:26:00",59
104,"Shopko","06:22:00","02:18:00",192
105,"Orin","06:05:00","04:19:00",37
106,"6th","05:05:00","11:37:00",137
107,"Forest Dale","07:01:00","07:11:00",106
108,"Vahlen","05:16:00","03:37:00",55
109,"Kropf","06:40:00","06:00:00",93
110,"Maple Wood","07:37:00","07:01:00",190
111,"Kropf","06:55:00","06:18:00",9
112,"Green","07:20:00","07:55:00",97
113,"Bartillon","07:09:00","05:50:00",160
114,"Anzinger","07:38:00","09:40:00",142
115,"Loftsgordon","05:40:00","04:30:00",186
116,"Hallows","06:18:00","04:44:00",190
117,"Corscot","07:59:00","03:48:00",34
118,"Mandrake","06:18:00","05:59:00",180
119,"Elmside","07:37:00","07:01:00",101
120,"Bayside","05:35:00","08:58:00",88
121,"Shasta","05:28:00","08:15:00",74
122,"Riverside","07:13:00","03:50:00",146
123,"John Wall","07:31:00","11:43:00",110
124,"Menomonie","05:14:00","09:54:00",150
125,"Prentice","07:12:00","05:38:00",148
126,"Surrey","05:12:00","07:42:00",63
127,"Namekagon","05:30:00","10:20:00",155
128,"Fairfield","05:26:00","04:42:00",21
129,"Schlimgen","07:03:00","06:41:00",111
130,"Eggendart","06:45:00","02:17:00",33
131,"Oneill","05:16:00","11:23:00",122
132,"Bunker Hill","05:38:00","10:08:00",93
133,"Luster","05:21:00","03:29:00",192
134,"Roth","06:25:00","02:42:00",95
135,"Sugar","06:09:00","06:05:00",89
136,"Commercial","06:43:00","05:53:00",149
137,"Schiller","06:26:00","03:47:00",40
138,"Mallard","06:05:00","02:53:00",168
139,"Thackeray","06:34:00","03:43:00",9
140,"Dapin","07:20:00","02:27:00",81
141,"Arkansas","05:30:00","02:14:00",170
142,"Stephen","07:41:00","09:07:00",180
143,"Blackbird","06:31:00","04:59:00",145
144,"Northland","06:36:00","07:42:00",43
145,"Main","05:32:00","03:06:00",148
146,"Green","05:18:00","10:50:00",60
147,"Sunbrook","06:26:00","02:57:00",29
148,"Karstens","07:55:00","03:09:00",29
149,"Maywood","06:34:00","06:05:00",107
150,"Fairfield","05:06:00","04:14:00",52
151,"Transport","07:06:00","04:58:00",157
152,"Bartelt","07:45:00","06:30:00",30
153,"Summit","07:08:00","02:19:00",152
154,"Meadow Valley","06:30:00","03:57:00",21
155,"Johnson","06:08:00","03:40:00",127
156,"Colorado","06:00:00","10:15:00",53
157,"Coolidge","05:03:00","03:35:00",24
158,"Oneill","07:35:00","09:12:00",77
159,"Northfield","06:45:00","08:14:00",147
160,"Pine View","05:04:00","10:01:00",72
161,"Hollow Ridge","05:00:00","06:05:00",87
162,"Red Cloud","06:10:00","06:31:00",43
163,"Little Fleur","07:03:00","09:09:00",122
164,"5th","07:36:00","06:16:00",24
165,"Huxley","07:10:00","09:33:00",139
166,"South","06:27:00","09:01:00",62
167,"Dapin","06:56:00","04:34:00",109
168,"Scoville","07:09:00","08:11:00",129
169,"Drewry","06:58:00","08:10:00",164
170,"Ronald Regan","05:53:00","10:59:00",189
171,"Reinke","05:31:00","04:58:00",25
172,"Bartillon","07:33:00","04:34:00",36
173,"High Crossing","05:23:00","10:02:00",34
174,"Lukken","06:56:00","08:33:00",1
175,"Nelson","06:23:00","11:32:00",154
176,"Larry","06:22:00","11:13:00",158
177,"Boyd","05:18:00","07:08:00",73
178,"Rigney","06:01:00","03:07:00",27
179,"Loomis","05:20:00","08:28:00",8
180,"Cascade","07:31:00","10:30:00",57
181,"Monument","07:33:00","08:32:00",56
182,"Lakeland","05:42:00","09:58:00",153
183,"Sauthoff","05:42:00","10:23:00",116
184,"6th","05:19:00","05:05:00",106
185,"Jenifer","05:30:00","03:01:00",39
186,"Novick","05:32:00","06:41:00",11
187,"Southridge","06:32:00","10:57:00",139
188,"Bowman","07:44:00","10:40:00",29
189,"Barby","06:41:00","02:13:00",50
190,"Heffernan","07:03:00","06:43:00",69
191,"Merchant","06:42:00","08:33:00",174
192,"Lyons","06:35:00","06:34:00",34
193,"Thackeray","05:09:00","07:21:00",168
194,"Old Shore","07:59:00","05:45:00",141
195,"Miller","05:20:00","08:49:00",165
196,"Maywood","06:07:00","04:11:00",171
197,"Maywood","07:58:00","04:58:00",123
198,"Cody","05:02:00","02:53:00",25
199,"Logan","07:08:00","04:57:00",130
200,"Schurz","07:16:00","09:23:00",134
201,"Reinke","06:48:00","10:06:00",130
202,"Fair Oaks","07:47:00","09:22:00",151
203,"Forster","05:06:00","11:45:00",114
204,"Starling","06:42:00","11:21:00",116
205,"Claremont","07:38:00","10:20:00",128
206,"Knutson","06:01:00","02:23:00",174
207,"Bellgrove","07:12:00","11:54:00",60
208,"John Wall","07:53:00","08:52:00",140
209,"Brentwood","06:27:00","02:08:00",153
210,"Emmet","07:43:00","05:44:00",89
211,"Arapahoe","07:41:00","11:22:00",51
212,"Oakridge","07:48:00","08:03:00",107
213,"Glendale","07:37:00","11:05:00",158
214,"Bartillon","06:16:00","11:32:00",152
215,"Granby","05:44:00","09:22:00",57
216,"Lakewood Gardens","07:34:00","11:09:00",17
217,"Miller","06:00:00","04:34:00",52
218,"Florence","05:53:00","05:22:00",18
219,"Morningstar","07:13:00","07:52:00",34
220,"Montana","07:45:00","08:12:00",41
221,"Acker","06:13:00","09:57:00",153
222,"Schurz","07:44:00","11:43:00",6
223,"Eagle Crest","06:37:00","06:25:00",103
224,"Marquette","05:56:00","02:29:00",8
225,"Gulseth","06:46:00","06:49:00",117
226,"Washington","05:29:00","07:24:00",40
227,"Oakridge","07:52:00","10:59:00",65
228,"Manley","07:31:00","09:51:00",24
229,"Vidon","05:07:00","11:41:00",36
230,"Surrey","05:28:00","07:31:00",172
231,"Merry","05:51:00","03:06:00",193
232,"Shopko","05:54:00","11:21:00",111
233,"Monica","07:16:00","08:51:00",168
234,"Ronald Regan","05:11:00","06:27:00",191
235,"Stone Corner","05:03:00","06:46:00",165
236,"Weeping Birch","05:43:00","08:26:00",161
237,"Bayside","07:38:00","04:47:00",79
238,"Hintze","05:04:00","09:33:00",67
239,"Bonner","05:18:00","10:43:00",82
240,"Jackson","06:57:00","06:56:00",191
241,"Elmside","06:14:00","05:36:00",191
242,"Anniversary","07:54:00","08:08:00",16
243,"Judy","06:07:00","11:40:00",9
244,"Dahle","07:02:00","10:29:00",34
245,"Chinook","06:09:00","09:08:00",176
246,"Duke","07:59:00","03:36:00",189
247,"Starling","05:12:00","08:34:00",161
248,"Moulton","05:51:00","06:37:00",178
249,"Glendale","05:09:00","06:38:00",117
250,"Sauthoff","05:19:00","06:38:00",44
251,"Judy","05:34:00","08:46:00",193
252,"Logan","05:42:00","02:21:00",109
253,"Graceland","06:27:00","06:09:00",4
254,"6th","05:51:00","08:23:00",54
255,"John Wall","07:52:00","03:46:00",29
256,"Golf Course","06:56:00","08:27:00",48
257,"Armistice","06:06:00","09:55:00",75
258,"Meadow Ridge","05:38:00","10:33:00",160
259,"Dapin","05:01:00","03:21:00",3
260,"Packers","05:27:00","10:22:00",153
261,"Vermont","05:26:00","09:14:00",64
262,"Esker","07:06:00","11:00:00",171
263,"Porter","07:01:00","05:28:00",98
264,"Laurel","05:35:00","04:47:00",28
265,"Acker","06:41:00","11:06:00",117
266,"Springview","05:36:00","07:03:00",20
267,"Blue Bill Park","06:03:00","08:29:00",10
268,"Blackbird","05:48:00","07:15:00",47
269,"Lakeland","06:48:00","02:34:00",67
270,"Logan","07:08:00","11:18:00",155
271,"Hovde","05:57:00","08:51:00",28
272,"8th","07:21:00","09:20:00",76
273,"Burning Wood","05:23:00","03:50:00",71
274,"Forest Run","05:16:00","11:57:00",25
275,"Bonner","06:25:00","07:51:00",7
276,"Scofield","06:28:00","02:48:00",72
277,"Sachs","07:45:00","05:48:00",66
278,"Bunting","05:51:00","04:49:00",13
279,"La Follette","06:23:00","03:23:00",76
280,"Memorial","06:47:00","05:56:00",132
281,"Moulton","05:26:00","06:45:00",66
282,"Darwin","07:56:00","11:09:00",145
283,"Melby","07:42:00","02:02:00",193
284,"Jenifer","05:29:00","02:32:00",64
285,"Badeau","06:34:00","10:44:00",48
286,"Surrey","07:02:00","03:49:00",126
287,"Kingsford","07:29:00","07:13:00",4
288,"Springview","05:32:00","11:10:00",25
289,"Dapin","05:28:00","08:28:00",152
290,"Hollow Ridge","05:15:00","06:10:00",153
291,"Havey","07:30:00","10:13:00",2
292,"Melvin","07:36:00","10:32:00",44
293,"Sherman","06:45:00","10:54:00",33
294,"Eastlawn","06:52:00","04:24:00",45
295,"Sachtjen","07:59:00","02:03:00",41
296,"Farwell","07:10:00","08:43:00",85
297,"Warrior","07:16:00","03:59:00",107
298,"Corben","06:00:00","04:23:00",47
299,"Mcbride","07:54:00","04:44:00",144
300,"Michigan","06:29:00","08:10:00",70
301,"American","06:09:00","11:48:00",160
302,"Briar Crest","06:57:00","06:37:00",28
303,"Scoville","05:58:00","06:07:00",166
304,"Hauk","06:26:00","05:51:00",173
305,"Arizona","06:47:00","07:10:00",64
306,"Scofield","06:35:00","08:33:00",8
307,"Brentwood","05:31:00","04:58:00",94
308,"Linden","05:24:00","05:26:00",188
309,"Hooker","06:41:00","10:56:00",77
310,"Calypso","06:49:00","09:01:00",10
311,"Redwing","07:31:00","05:25:00",75
312,"Stoughton","07:04:00","09:04:00",174
313,"Havey","05:36:00","04:53:00",74
314,"Bluejay","07:36:00","10:40:00",158
315,"Dwight","06:42:00","05:09:00",144
316,"Lighthouse Bay","05:34:00","02:14:00",86
317,"Holmberg","06:24:00","04:35:00",52
318,"Novick","05:32:00","02:40:00",153
319,"Dapin","07:02:00","02:29:00",143
320,"Buhler","07:36:00","05:54:00",25
321,"Havey","07:05:00","11:09:00",161
322,"Emmet","07:27:00","06:56:00",87
323,"Steensland","07:57:00","03:21:00",43
324,"Loomis","06:40:00","07:05:00",54
325,"Farmco","06:40:00","08:49:00",33
326,"Coolidge","07:47:00","02:05:00",191
327,"Clove","05:12:00","11:14:00",42
328,"6th","06:47:00","04:49:00",181
329,"Monica","05:12:00","03:32:00",88
330,"Pankratz","07:46:00","05:37:00",29
331,"Gulseth","07:05:00","07:19:00",80
332,"Barnett","07:21:00","11:48:00",50
333,"Cody","05:52:00","11:13:00",35
334,"Lien","05:04:00","06:36:00",16
335,"Mendota","05:41:00","10:11:00",134
336,"Arkansas","06:28:00","06:22:00",1
337,"Melvin","05:58:00","09:43:00",173
338,"Valley Edge","07:40:00","06:35:00",163
339,"Weeping Birch","06:17:00","02:05:00",119
340,"Warrior","06:48:00","10:01:00",108
341,"Bayside","07:11:00","06:38:00",171
342,"Grasskamp","06:45:00","08:50:00",48
343,"Portage","07:37:00","09:21:00",173
344,"Eastlawn","06:49:00","05:11:00",134
345,"Bayside","06:03:00","08:52:00",127
346,"Hauk","07:27:00","02:33:00",33
347,"Prairieview","07:41:00","11:50:00",81
348,"Roxbury","05:35:00","08:34:00",60
349,"Anzinger","07:13:00","09:51:00",115
350,"Barby","07:45:00","06:42:00",16
351,"Hollow Ridge","07:28:00","07:22:00",43
352,"Lotheville","06:36:00","06:48:00",116
353,"Novick","05:05:00","04:43:00",128
354,"Truax","05:56:00","06:51:00",193
355,"Nobel","05:04:00","11:34:00",45
356,"Oakridge","06:39:00","06:01:00",177
357,"Butterfield","06:20:00","03:15:00",10
358,"5th","07:49:00","09:30:00",163
359,"Granby","05:56:00","11:10:00",48
360,"Beilfuss","07:19:00","06:03:00",180
361,"Magdeline","06:47:00","02:33:00",121
362,"Mallory","06:16:00","07:10:00",48
363,"Lunder","06:35:00","07:58:00",46
364,"Kim","06:30:00","03:37:00",139
365,"Dennis","05:52:00","10:14:00",64
366,"Logan","07:52:00","11:00:00",73
367,"Sauthoff","06:24:00","05:37:00",121
368,"Coleman","07:20:00","05:23:00",91
369,"Novick","06:11:00","09:49:00",18
370,"Old Shore","07:00:00","05:56:00",194
371,"Dovetail","07:38:00","06:25:00",44
372,"Transport","06:05:00","05:08:00",131
373,"Burrows","05:34:00","09:29:00",40
374,"American","06:35:00","10:04:00",153
375,"4th","06:24:00","11:34:00",162
376,"Kingsford","05:01:00","05:46:00",127
377,"Ruskin","07:00:00","05:25:00",129
378,"Reinke","05:38:00","02:57:00",42
379,"Bonner","07:15:00","03:26:00",36
380,"Springs","06:43:00","11:01:00",109
381,"Stone Corner","06:28:00","09:31:00",44
382,"Linden","06:00:00","06:34:00",180
383,"Evergreen","07:35:00","09:25:00",74
384,"Springview","06:01:00","09:46:00",155
385,"Delladonna","07:30:00","05:16:00",2
386,"Westridge","05:21:00","05:31:00",39
387,"Kinsman","07:08:00","11:15:00",169
388,"Forest","05:00:00","02:03:00",179
389,"Bayside","05:59:00","05:52:00",67
390,"Dixon","07:21:00","03:55:00",70
391,"Summer Ridge","05:51:00","05:51:00",41
392,"Mayfield","05:07:00","08:29:00",114
393,"Loomis","06:19:00","06:31:00",168
394,"Harper","05:09:00","09:18:00",107
395,"Grim","05:29:00","09:01:00",52
396,"Di Loreto","06:47:00","02:59:00",48
397,"Clove","06:02:00","06:11:00",50
398,"Northridge","05:50:00","07:13:00",49
399,"Erie","07:24:00","06:40:00",11
400,"Wayridge","07:47:00","08:55:00",52
401,"Parkside","05:45:00","05:21:00",90
402,"Susan","05:20:00","06:44:00",44
403,"Ludington","05:59:00","06:42:00",175
404,"Merchant","05:25:00","10:59:00",126
405,"Sherman","07:33:00","04:45:00",50
406,"Ilene","05:11:00","09:36:00",11
407,"Michigan","07:28:00","04:45:00",1
408,"Ridgeway","06:12:00","07:29:00",192
409,"Fallview","05:13:00","10:25:00",101
410,"Morningstar","07:12:00","03:29:00",118
411,"Corry","05:12:00","03:25:00",34
412,"Milwaukee","06:12:00","05:02:00",75
413,"Springs","05:22:00","07:54:00",169
414,"Atwood","06:52:00","07:13:00",137
415,"Rieder","07:14:00","07:48:00",181
416,"Anthes","07:54:00","02:15:00",123
417,"Reindahl","07:29:00","02:43:00",66
418,"Thackeray","05:28:00","11:37:00",105
419,"Grasskamp","05:13:00","05:34:00",150
420,"Talisman","05:50:00","08:50:00",115
421,"Carey","07:00:00","06:26:00",115
422,"Ridge Oak","05:53:00","02:38:00",73
423,"Cardinal","06:34:00","05:49:00",145
424,"Grover","07:52:00","02:44:00",182
425,"Thierer","06:46:00","03:02:00",55
426,"Buena Vista","05:47:00","09:45:00",170
427,"Northridge","07:18:00","02:16:00",117
428,"Stephen","07:05:00","08:59:00",28
429,"Bashford","05:58:00","08:08:00",120
430,"Glendale","06:04:00","06:33:00",104
431,"Troy","06:50:00","10:54:00",71
432,"Kinsman","07:27:00","06:18:00",134
433,"Clarendon","07:16:00","04:11:00",74
434,"Hazelcrest","06:01:00","06:44:00",12
435,"Forest","07:54:00","04:39:00",46
436,"Talisman","06:59:00","03:26:00",28
437,"Pierstorff","06:30:00","07:22:00",71
438,"Fieldstone","06:12:00","06:47:00",113
439,"Arrowood","07:08:00","03:02:00",166
440,"Randy","05:43:00","07:04:00",73
441,"Thackeray","06:33:00","07:58:00",145
442,"East","07:15:00","09:05:00",99
443,"Dorton","07:09:00","06:37:00",152
444,"Sullivan","07:18:00","07:02:00",172
445,"Fuller","05:56:00","03:31:00",173
446,"Myrtle","06:26:00","05:55:00",185
447,"Monterey","07:55:00","10:35:00",42
448,"Sloan","07:33:00","05:41:00",100
449,"Magdeline","06:11:00","11:27:00",66
450,"Northland","05:30:00","11:52:00",126
451,"Arkansas","07:15:00","11:38:00",111
452,"Sullivan","06:17:00","08:04:00",29
453,"Pepper Wood","07:40:00","09:47:00",119
454,"Gulseth","05:09:00","08:17:00",161
455,"Maryland","05:11:00","03:37:00",129
456,"Dovetail","07:40:00","03:45:00",164
457,"Debra","05:12:00","05:24:00",5
458,"Debra","05:11:00","10:11:00",82
459,"Kenwood","05:41:00","05:46:00",65
460,"Clemons","05:09:00","09:16:00",17
461,"Mandrake","06:54:00","10:09:00",86
462,"Hoard","06:12:00","11:31:00",126
463,"Straubel","06:33:00","08:38:00",65
464,"Summerview","06:00:00","09:46:00",163
465,"Graceland","06:44:00","07:03:00",12
466,"Jana","05:27:00","10:58:00",187
467,"Eggendart","05:51:00","02:47:00",74
468,"Brentwood","07:11:00","07:44:00",26
469,"Muir","06:03:00","07:41:00",73
470,"Eastlawn","05:31:00","05:46:00",124
471,"Tennessee","05:49:00","02:44:00",46
472,"Sommers","06:57:00","11:12:00",119
473,"Iowa","05:55:00","10:56:00",119
474,"Ludington","07:29:00","07:55:00",137
475,"Red Cloud","06:07:00","07:30:00",182
476,"Rutledge","07:26:00","04:45:00",6
477,"Banding","06:10:00","06:12:00",68
478,"Northfield","05:31:00","10:06:00",58
479,"Westend","05:13:00","02:45:00",21
480,"Bayside","05:11:00","11:24:00",73
481,"Pawling","05:58:00","09:35:00",173
482,"Pond","06:56:00","03:35:00",78
483,"Quincy","07:49:00","11:51:00",191
484,"Scoville","07:51:00","08:30:00",55
485,"Darwin","07:57:00","08:19:00",60
486,"Stephen","05:20:00","06:26:00",170
487,"Cottonwood","07:30:00","05:51:00",108
488,"Norway Maple","07:45:00","08:05:00",22
489,"Forster","06:38:00","05:30:00",40
490,"Di Loreto","07:13:00","04:45:00",55
491,"Garrison","06:08:00","07:58:00",57
492,"Granby","07:32:00","10:34:00",2
493,"Ronald Regan","06:27:00","11:28:00",38
494,"Maple","07:07:00","05:08:00",91
495,"Chinook","05:11:00","10:27:00",183
496,"Northport","05:58:00","06:05:00",95
497,"Tony","06:30:00","02:04:00",80
498,"Erie","06:42:00","09:38:00",12
499,"Victoria","05:10:00","04:53:00",131
500,"Autumn Leaf","07:41:00","04:49:00",57
501,"Tennessee","07:46:00","04:32:00",160
502,"Bunting","07:53:00","06:07:00",42
503,"Hazelcrest","07:20:00","09:36:00",57
504,"Del Sol","05:46:00","07:42:00",96
505,"Longview","05:28:00","07:40:00",129
506,"Old Gate","05:58:00","06:17:00",31
507,"Prentice","07:28:00","05:13:00",89
508,"Walton","05:22:00","02:18:00",130
509,"Claremont","07:59:00","05:12:00",155
510,"Reinke","06:06:00","08:31:00",149
511,"Division","07:04:00","10:25:00",160
512,"Bonner","05:25:00","02:44:00",150
513,"Heath","07:51:00","08:22:00",95
514,"Elgar","06:17:00","03:19:00",71
515,"Cambridge","05:09:00","05:07:00",8
516,"Transport","06:56:00","05:20:00",60
517,"Northfield","07:28:00","05:01:00",162
518,"Michigan","06:38:00","06:53:00",18
519,"Northridge","07:30:00","05:49:00",73
520,"Almo","06:07:00","07:20:00",40
521,"Oakridge","05:35:00","03:52:00",172
522,"Fremont","07:43:00","10:34:00",156
523,"Forest Dale","07:58:00","10:45:00",4
524,"Charing Cross","05:29:00","05:54:00",45
525,"Almo","06:11:00","10:58:00",113
526,"Chive","06:02:00","06:53:00",98
527,"Mosinee","07:53:00","02:08:00",43
528,"Fordem","05:20:00","06:24:00",129
529,"Morningstar","05:58:00","09:36:00",87
530,"Corscot","05:10:00","05:40:00",141
531,"Waxwing","05:44:00","04:48:00",51
532,"Jenna","07:21:00","04:27:00",132
533,"Donald","05:52:00","11:59:00",190
534,"Sutteridge","06:58:00","11:43:00",21
535,"Ridgeview","05:05:00","09:10:00",143
536,"Sullivan","06:36:00","07:04:00",106
537,"Springview","07:52:00","11:58:00",26
538,"Sachtjen","07:22:00","07:47:00",37
539,"Algoma","07:24:00","10:36:00",60
540,"American Ash","07:34:00","04:11:00",118
541,"Lake View","07:48:00","09:43:00",187
542,"Anhalt","06:22:00","11:03:00",139
543,"Morning","06:56:00","08:35:00",23
544,"Hooker","07:01:00","09:50:00",165
545,"Cottonwood","07:29:00","10:15:00",194
546,"Rockefeller","05:48:00","07:42:00",37
547,"Walton","07:14:00","10:49:00",153
548,"Badeau","06:17:00","05:59:00",8
549,"Mariners Cove","05:32:00","11:43:00",120
550,"Iowa","05:24:00","04:22:00",127
551,"Northridge","05:07:00","04:51:00",162
552,"1st","07:05:00","10:41:00",26
553,"Oxford","07:11:00","03:42:00",161
554,"American Ash","06:10:00","02:50:00",184
555,"Acker","07:19:00","02:30:00",48
556,"Brown","05:04:00","02:58:00",152
557,"Gale","06:20:00","10:54:00",125
558,"Bowman","07:32:00","02:58:00",160
559,"Mandrake","06:46:00","11:09:00",170
560,"Cardinal","06:18:00","10:54:00",107
561,"Dakota","06:50:00","10:02:00",28
562,"Butterfield","07:08:00","04:08:00",157
563,"Eliot","05:45:00","07:21:00",21
564,"Delaware","05:47:00","10:29:00",9
565,"Randy","07:38:00","05:24:00",101
566,"Boyd","05:17:00","10:44:00",151
567,"Coolidge","05:55:00","04:34:00",57
568,"Kenwood","05:40:00","10:06:00",8
569,"Coolidge","07:14:00","10:51:00",79
570,"Sycamore","06:57:00","09:02:00",80
571,"Vernon","06:38:00","04:37:00",148
572,"Bayside","05:44:00","09:38:00",7
573,"Beilfuss","05:28:00","03:11:00",16
574,"Ronald Regan","07:34:00","06:06:00",129
575,"Delaware","06:17:00","06:53:00",66
576,"Fulton","07:07:00","04:50:00",77
577,"Garrison","05:29:00","07:12:00",143
578,"Cody","07:10:00","07:45:00",151
579,"Briar Crest","05:36:00","06:23:00",75
580,"Coolidge","07:51:00","08:51:00",187
581,"Bashford","07:48:00","09:59:00",56
582,"Waubesa","07:47:00","07:46:00",122
583,"Tennessee","06:24:00","03:52:00",143
584,"Park Meadow","06:24:00","09:51:00",109
585,"Buell","07:08:00","03:54:00",186
586,"Novick","05:40:00","04:53:00",95
587,"Namekagon","07:15:00","09:40:00",159
588,"Atwood","05:46:00","06:23:00",96
589,"Nancy","05:18:00","05:04:00",131
590,"Grayhawk","06:50:00","06:42:00",56
591,"Acker","05:02:00","04:20:00",71
592,"Moose","05:28:00","07:54:00",94
593,"Quincy","05:24:00","09:20:00",44
594,"Grover","06:39:00","06:00:00",111
595,"Blaine","06:07:00","02:42:00",38
596,"Arapahoe","06:43:00","02:21:00",132
597,"Summerview","05:14:00","02:32:00",100
598,"Dryden","06:54:00","09:06:00",124
599,"Artisan","07:28:00","02:16:00",20
600,"Lindbergh","05:11:00","02:40:00",42
601,"Elka","05:49:00","05:44:00",179
602,"Knutson","05:21:00","02:37:00",78
603,"Annamark","05:11:00","09:28:00",7
604,"Southridge","05:31:00","05:28:00",94
605,"Pennsylvania","05:10:00","11:22:00",36
606,"Lakewood","05:57:00","10:26:00",69
607,"Daystar","06:38:00","08:23:00",115
608,"Farwell","06:39:00","11:04:00",178
609,"Farwell","06:18:00","10:00:00",190
610,"Veith","07:54:00","08:44:00",80
611,"Ronald Regan","06:34:00","03:14:00",50
612,"Mosinee","06:50:00","04:39:00",9
613,"Gale","05:51:00","02:30:00",183
614,"Gerald","07:39:00","11:09:00",181
615,"Kensington","05:38:00","04:09:00",101
616,"Mayfield","06:24:00","07:19:00",34
617,"Bowman","05:36:00","11:04:00",174
618,"Victoria","07:05:00","07:39:00",61
619,"Sunnyside","07:28:00","10:23:00",2
620,"Sugar","06:15:00","10:47:00",21
621,"Coleman","06:48:00","11:49:00",148
622,"Grim","06:26:00","03:52:00",124
623,"Vahlen","07:07:00","02:12:00",107
624,"Larry","06:29:00","07:15:00",16
625,"Scoville","07:31:00","02:58:00",42
626,"Forster","07:36:00","04:27:00",99
627,"Oxford","05:28:00","07:54:00",128
628,"Main","05:47:00","09:39:00",54
629,"Fieldstone","07:36:00","09:54:00",144
630,"Pawling","06:43:00","07:16:00",132
631,"Cascade","07:29:00","04:30:00",161
632,"Crest Line","05:12:00","08:38:00",112
633,"Manufacturers","07:41:00","11:27:00",140
634,"Gerald","07:16:00","11:38:00",58
635,"Glendale","05:30:00","08:06:00",104
636,"Morningstar","07:27:00","04:07:00",135
637,"Marcy","05:12:00","05:45:00",46
638,"Amoth","05:53:00","02:16:00",58
639,"Continental","07:24:00","02:44:00",6
640,"Jackson","07:08:00","08:04:00",171
641,"Mandrake","06:07:00","02:49:00",84
642,"Anderson","05:36:00","11:50:00",124
643,"Elgar","05:46:00","04:18:00",55
644,"Hagan","07:44:00","02:37:00",179
645,"Schiller","06:06:00","08:30:00",17
646,"Mitchell","07:39:00","02:46:00",180
647,"Schurz","07:53:00","03:43:00",9
648,"Ludington","05:52:00","02:38:00",174
649,"Dovetail","05:17:00","08:57:00",90
650,"East","05:07:00","05:30:00",95
651,"Stephen","07:25:00","11:20:00",98
652,"Beilfuss","05:30:00","10:25:00",174
653,"Loomis","05:24:00","10:02:00",76
654,"Colorado","05:48:00","08:25:00",73
655,"Old Shore","05:08:00","11:59:00",66
656,"Prairie Rose","06:25:00","07:52:00",39
657,"Brentwood","07:29:00","04:53:00",127
658,"Bayside","06:29:00","10:12:00",162
659,"Transport","07:52:00","04:04:00",99
660,"Blackbird","05:07:00","09:37:00",95
661,"Florence","06:53:00","07:57:00",126
662,"International","05:31:00","05:16:00",75
663,"Shelley","05:49:00","04:51:00",61
664,"Lotheville","07:41:00","11:34:00",103
665,"Vahlen","05:01:00","06:19:00",84
666,"Starling","05:32:00","11:56:00",189
667,"Amoth","07:34:00","11:43:00",185
668,"Nova","07:22:00","04:08:00",55
669,"Mallard","06:30:00","04:24:00",172
670,"Messerschmidt","07:10:00","07:22:00",177
671,"Mallory","05:19:00","04:35:00",54
672,"Columbus","06:11:00","11:01:00",175
673,"Larry","05:06:00","06:04:00",181
674,"Fremont","05:44:00","10:21:00",104
675,"Valley Edge","06:08:00","06:52:00",84
676,"Oak Valley","06:57:00","10:47:00",137
677,"Mandrake","06:44:00","04:18:00",174
678,"Grasskamp","05:51:00","06:18:00",38
679,"Ruskin","07:15:00","03:28:00",63
680,"Northview","07:05:00","11:39:00",119
681,"Badeau","05:48:00","02:21:00",189
682,"Clove","06:43:00","05:38:00",31
683,"Colorado","07:56:00","02:57:00",114
684,"Clarendon","05:47:00","07:30:00",118
685,"Kenwood","06:13:00","05:39:00",87
686,"Hermina","05:02:00","07:44:00",195
687,"Washington","05:27:00","04:58:00",21
688,"Twin Pines","07:09:00","08:59:00",151
689,"Carioca","06:41:00","05:55:00",174
690,"Evergreen","05:11:00","10:26:00",167
691,"Maple Wood","06:35:00","06:17:00",53
692,"Gale","05:14:00","06:56:00",142
693,"Donald","06:01:00","02:57:00",28
694,"Green","07:36:00","05:16:00",143
695,"Hoepker","06:00:00","04:10:00",165
696,"Golf","07:47:00","03:31:00",149
697,"Stephen","06:34:00","07:11:00",28
698,"Meadow Ridge","05:31:00","05:13:00",150
699,"Hoepker","05:16:00","09:24:00",123
700,"Meadow Valley","07:35:00","02:20:00",82
701,"East","05:12:00","05:28:00",155
702,"Mitchell","06:01:00","04:35:00",94
703,"Colorado","05:53:00","02:02:00",166
704,"Darwin","06:31:00","11:46:00",145
705,"Nelson","05:28:00","05:39:00",125
706,"Del Mar","07:37:00","06:21:00",60
707,"Blue Bill Park","05:13:00","11:28:00",18
708,"Atwood","05:29:00","07:32:00",17
709,"Beilfuss","07:20:00","08:56:00",42
710,"Hayes","06:50:00","09:52:00",55
711,"Arapahoe","07:59:00","06:52:00",6
712,"Buena Vista","07:51:00","09:34:00",92
713,"Manley","06:56:00","02:51:00",152
714,"Straubel","07:47:00","09:30:00",35
715,"Nelson","05:18:00","09:10:00",98
716,"Springview","07:04:00","04:50:00",78
717,"Blue Bill Park","06:31:00","08:59:00",74
718,"Gateway","05:06:00","10:20:00",40
719,"Sage","07:19:00","03:52:00",22
720,"Roxbury","07:54:00","08:12:00",106
721,"Duke","06:01:00","06:37:00",12
722,"Farragut","05:55:00","07:40:00",123
723,"Shelley","06:52:00","07:26:00",115
724,"Toban","05:45:00","02:15:00",87
725,"Redwing","07:42:00","02:49:00",184
726,"Sommers","06:12:00","10:21:00",171
727,"Upham","06:35:00","03:22:00",81
728,"Glendale","06:34:00","02:34:00",126
729,"Brown","06:56:00","05:17:00",152
730,"Hagan","05:38:00","09:32:00",1
731,"Melrose","07:26:00","07:13:00",171
732,"Troy","05:01:00","06:54:00",103
733,"Lakewood","06:39:00","07:43:00",128
734,"Lillian","06:46:00","04:11:00",150
735,"Amoth","06:42:00","04:23:00",10
736,"Almo","06:03:00","03:37:00",168
737,"Anzinger","05:40:00","07:41:00",45
738,"Lakewood Gardens","07:01:00","10:18:00",50
739,"Jenna","07:42:00","06:23:00",28
740,"Harper","07:34:00","05:35:00",128
741,"Farwell","07:49:00","05:25:00",58
742,"Forest","05:35:00","10:19:00",10
743,"Blaine","05:45:00","06:56:00",31
744,"Elmside","07:46:00","04:31:00",90
745,"Susan","07:41:00","09:13:00",160
746,"Oakridge","07:38:00","05:01:00",172
747,"Sullivan","05:37:00","02:40:00",195
748,"Claremont","05:41:00","02:46:00",33
749,"Dakota","06:40:00","11:33:00",139
750,"Moland","05:15:00","08:04:00",2
751,"Burning Wood","05:39:00","11:26:00",182
752,"Fieldstone","05:42:00","08:50:00",41
753,"Parkside","06:35:00","07:44:00",39
754,"Golf View","07:21:00","02:37:00",16
755,"Fieldstone","05:32:00","05:02:00",194
756,"Ryan","05:52:00","05:22:00",10
757,"Buhler","06:47:00","07:19:00",100
758,"Holy Cross","07:03:00","08:17:00",19
759,"Dawn","07:12:00","06:15:00",183
760,"Dakota","05:07:00","07:11:00",147
761,"Sycamore","05:33:00","10:58:00",73
762,"Bellgrove","06:58:00","07:44:00",95
763,"Kings","07:01:00","07:43:00",135
764,"Atwood","06:00:00","04:55:00",81
765,"Fieldstone","05:37:00","05:27:00",18
766,"Morningstar","06:36:00","02:02:00",2
767,"Londonderry","06:59:00","10:16:00",104
768,"Shopko","06:53:00","05:39:00",134
769,"East","05:14:00","10:11:00",173
770,"John Wall","07:44:00","04:35:00",16
771,"Bayside","06:24:00","07:37:00",102
772,"Lakewood Gardens","05:09:00","03:39:00",53
773,"Warrior","05:14:00","03:55:00",23
774,"Columbus","06:05:00","07:06:00",180
775,"Westridge","07:40:00","06:58:00",118
776,"Moland","05:35:00","07:43:00",76
777,"Mallard","05:33:00","08:31:00",182
778,"Oriole","07:26:00","06:28:00",6
779,"Prentice","06:29:00","09:49:00",93
780,"8th","05:04:00","04:44:00",18
781,"Nova","06:12:00","11:45:00",169
782,"Daystar","06:57:00","10:05:00",85
783,"Harper","06:52:00","05:32:00",28
784,"Daystar","07:54:00","11:50:00",58
785,"Burning Wood","05:14:00","05:22:00",167
786,"Sunbrook","06:50:00","04:57:00",185
787,"Westridge","06:29:00","06:58:00",103
788,"Almo","07:48:00","06:57:00",29
789,"Calypso","07:31:00","07:06:00",159
790,"Dwight","06:19:00","06:51:00",121
791,"Troy","07:07:00","04:28:00",59
792,"Park Meadow","07:28:00","10:44:00",190
793,"Mandrake","06:25:00","06:15:00",172
794,"Memorial","07:25:00","03:15:00",149
795,"Maple","05:47:00","04:27:00",191
796,"Maple","07:45:00","08:15:00",165
797,"High Crossing","06:11:00","07:42:00",60
798,"Charing Cross","05:56:00","10:26:00",16
799,"Manufacturers","06:29:00","09:11:00",80
800,"Sachs","06:25:00","11:40:00",153
801,"Thierer","05:24:00","11:17:00",123
802,"Fairview","07:37:00","07:55:00",156
803,"Shopko","07:33:00","11:44:00",156
804,"Sheridan","06:13:00","07:51:00",120
805,"Judy","07:07:00","09:44:00",78
806,"Schiller","06:56:00","06:15:00",41
807,"Cherokee","07:29:00","02:51:00",191
808,"Kensington","05:05:00","05:32:00",114
809,"Merry","06:57:00","06:55:00",1
810,"Tomscot","05:57:00","08:54:00",73
811,"Forest Dale","07:08:00","03:19:00",178
812,"Clove","06:59:00","09:47:00",59
813,"Vermont","05:29:00","10:28:00",190
814,"Darwin","07:07:00","10:04:00",79
815,"Golf Course","06:14:00","11:43:00",71
816,"Eastwood","06:54:00","02:39:00",6
817,"Vera","06:29:00","03:11:00",184
818,"Autumn Leaf","05:42:00","10:17:00",21
819,"Loomis","05:19:00","09:37:00",163
820,"Oneill","07:41:00","09:37:00",15
821,"Tomscot","06:12:00","10:40:00",55
822,"Jay","07:00:00","11:55:00",52
823,"Fulton","06:08:00","10:35:00",76
824,"Cambridge","07:51:00","04:00:00",152
825,"Straubel","05:38:00","06:15:00",1
826,"Hovde","06:30:00","10:53:00",43
827,"Washington","06:09:00","07:19:00",187
828,"Loomis","07:14:00","11:06:00",119
829,"Manley","07:37:00","11:40:00",170
830,"Northridge","06:18:00","09:25:00",43
831,"Raven","05:43:00","09:11:00",129
832,"North","06:57:00","08:14:00",84
833,"Bluejay","07:17:00","10:48:00",3
834,"Orin","05:28:00","02:21:00",60
835,"Toban","07:59:00","10:53:00",152
836,"Merchant","07:04:00","02:17:00",23
837,"Independence","06:17:00","05:17:00",33
838,"Monument","06:07:00","07:46:00",195
839,"Bayside","06:47:00","07:07:00",85
840,"Main","07:59:00","02:39:00",2
841,"Dapin","07:14:00","06:35:00",101
842,"American Ash","05:54:00","04:52:00",110
843,"Miller","06:33:00","02:52:00",126
844,"Barby","07:02:00","10:19:00",70
845,"Steensland","07:31:00","07:46:00",141
846,"Northwestern","06:22:00","04:04:00",168
847,"Claremont","07:26:00","02:22:00",90
848,"Messerschmidt","05:02:00","09:57:00",83
849,"Buell","06:55:00","02:42:00",15
850,"Hoffman","07:29:00","04:17:00",125
851,"Elgar","05:45:00","08:20:00",195
852,"Bartelt","07:22:00","11:28:00",152
853,"Annamark","06:43:00","08:40:00",112
854,"Veith","06:38:00","09:14:00",150
855,"Blaine","07:43:00","05:57:00",10
856,"Meadow Ridge","05:47:00","02:02:00",64
857,"Little Fleur","05:52:00","03:03:00",152
858,"Barnett","05:23:00","11:49:00",146
859,"6th","07:41:00","06:03:00",16
860,"Sachs","05:57:00","08:43:00",82
861,"Garrison","06:00:00","05:56:00",14
862,"Coolidge","06:36:00","07:38:00",3
863,"Duke","06:04:00","09:30:00",151
864,"Iowa","07:10:00","11:32:00",120
865,"Gerald","05:54:00","07:14:00",71
866,"Hoffman","07:41:00","03:10:00",119
867,"Schlimgen","05:37:00","10:37:00",108
868,"Luster","06:13:00","09:25:00",12
869,"Annamark","06:40:00","10:44:00",174
870,"Raven","07:22:00","06:55:00",163
871,"Manley","06:50:00","10:00:00",82
872,"Paget","06:46:00","05:56:00",146
873,"Morningstar","06:05:00","11:14:00",67
874,"Sherman","06:35:00","10:19:00",80
875,"Eagan","07:53:00","10:37:00",163
876,"Schurz","05:54:00","09:55:00",140
877,"Green","06:58:00","11:29:00",134
878,"Onsgard","05:51:00","06:30:00",30
879,"Dunning","06:49:00","11:44:00",39
880,"Green","05:35:00","08:16:00",64
881,"5th","07:30:00","10:40:00",67
882,"Huxley","06:00:00","06:38:00",85
883,"Shoshone","06:40:00","02:14:00",194
884,"Charing Cross","05:00:00","03:34:00",14
885,"Bashford","05:20:00","07:19:00",122
886,"Forest Run","06:26:00","10:51:00",142
887,"Ramsey","05:17:00","03:13:00",124
888,"Dapin","07:55:00","02:19:00",37
889,"Stone Corner","05:43:00","02:01:00",35
890,"Stoughton","06:28:00","07:17:00",183
891,"Sutteridge","06:32:00","04:10:00",145
892,"Bluejay","06:24:00","09:00:00",137
893,"Prairie Rose","07:46:00","09:51:00",193
894,"Lawn","06:23:00","06:45:00",9
895,"Moulton","05:22:00","10:08:00",143
896,"Westport","07:32:00","07:01:00",113
897,"Lukken","06:31:00","11:50:00",104
898,"Carberry","07:03:00","07:55:00",153
899,"Dunning","05:33:00","03:54:00",94
900,"Badeau","07:41:00","08:28:00",60
901,"Dwight","05:36:00","11:57:00",13
902,"Meadow Vale","06:04:00","02:50:00",50
903,"Donald","05:43:00","09:47:00",139
904,"Pankratz","06:45:00","03:16:00",154
905,"Schmedeman","07:11:00","05:38:00",29
906,"Vernon","07:23:00","05:21:00",114
907,"Stuart","05:32:00","07:05:00",155
908,"Arkansas","07:56:00","08:59:00",12
909,"Kinsman","07:00:00","04:56:00",137
910,"Golf","07:40:00","10:05:00",169
911,"Gale","05:20:00","09:21:00",80
912,"Prairieview","07:46:00","06:18:00",165
913,"Golf View","07:41:00","10:04:00",92
914,"Walton","05:40:00","10:11:00",128
915,"Fulton","06:20:00","10:16:00",70
916,"Rowland","06:34:00","02:35:00",106
917,"Waubesa","05:28:00","08:48:00",164
918,"Comanche","05:03:00","07:00:00",67
919,"American","05:48:00","09:26:00",188
920,"Sachtjen","07:28:00","07:12:00",83
921,"Village","07:36:00","05:37:00",10
922,"Troy","06:50:00","03:35:00",11
923,"Fulton","06:15:00","10:56:00",132
924,"Cordelia","05:48:00","04:11:00",21
925,"Northview","05:25:00","08:30:00",116
926,"Sloan","05:40:00","09:25:00",12
927,"Pennsylvania","05:03:00","10:05:00",143
928,"Jana","05:01:00","08:07:00",166
929,"Elka","05:32:00","04:30:00",174
930,"Mariners Cove","05:09:00","09:01:00",43
931,"Lunder","07:34:00","05:41:00",90
932,"Hanover","06:21:00","08:54:00",168
933,"Hoepker","07:04:00","10:38:00",182
934,"Vera","07:04:00","09:11:00",106
935,"Green Ridge","06:15:00","06:01:00",66
936,"Fulton","06:30:00","11:29:00",22
937,"Homewood","06:38:00","08:21:00",57
938,"Sherman","05:15:00","06:00:00",166
939,"Memorial","05:23:00","03:05:00",90
940,"6th","05:05:00","06:44:00",73
941,"Eggendart","05:13:00","09:19:00",112
942,"Stang","05:28:00","07:43:00",156
943,"Carey","06:02:00","04:03:00",50
944,"Manufacturers","05:04:00","10:34:00",51
945,"Karstens","06:19:00","05:34:00",145
946,"Summer Ridge","05:08:00","10:08:00",124
947,"Crowley","05:30:00","05:57:00",2
948,"Ronald Regan","06:41:00","05:19:00",131
949,"West","05:07:00","03:21:00",19
950,"Moulton","06:57:00","03:20:00",180
951,"Wayridge","07:22:00","11:07:00",54
952,"Summer Ridge","07:28:00","03:10:00",103
953,"Raven","05:59:00","08:13:00",50
954,"Emmet","06:05:00","06:47:00",111
955,"Oneill","05:22:00","04:29:00",76
956,"Larry","05:55:00","08:51:00",144
957,"Mcbride","06:58:00","10:28:00",16
958,"Fisk","07:45:00","09:29:00",137
959,"Milwaukee","07:43:00","07:34:00",143
960,"Armistice","07:04:00","04:58:00",61
961,"Lighthouse Bay","06:32:00","06:12:00",120
962,"Dryden","07:11:00","07:55:00",112
963,"Roxbury","07:36:00","09:13:00",171
964,"Holmberg","06:38:00","02:16:00",162
965,"Hoffman","05:46:00","03:21:00",34
966,"Tennyson","05:18:00","04:02:00",178
967,"Brentwood","06:34:00","08:02:00",132
968,"Marcy","07:36:00","10:50:00",144
969,"Roth","07:15:00","08:45:00",35
970,"Granby","07:27:00","05:01:00",16
971,"Eggendart","07:59:00","04:42:00",182
972,"Sutherland","07:08:00","08:47:00",123
973,"7th","06:12:00","04:47:00",79
974,"Dwight","07:06:00","09:53:00",70
975,"Florence","06:36:00","04:28:00",195
976,"Clyde Gallagher","06:21:00","11:28:00",171
977,"Cherokee","07:42:00","05:41:00",33
978,"Maple Wood","06:26:00","03:49:00",107
979,"Katie","05:51:00","04:27:00",163
980,"Arapahoe","06:45:00","03:49:00",174
981,"Meadow Valley","07:21:00","08:42:00",181
982,"Lunder","06:33:00","04:51:00",101
983,"Magdeline","06:37:00","02:37:00",153
984,"Express","05:29:00","10:37:00",92
985,"Calypso","05:10:00","05:49:00",5
986,"Springview","05:46:00","02:43:00",44
987,"Mallory","06:26:00","06:09:00",135
988,"Clyde Gallagher","05:13:00","11:00:00",68
989,"Crowley","06:50:00","03:03:00",189
990,"Granby","05:51:00","07:49:00",1
991,"Jackson","05:31:00","04:49:00",111
992,"Anthes","05:06:00","03:09:00",84
993,"John Wall","07:30:00","06:17:00",107
994,"Ramsey","07:27:00","10:47:00",120
995,"Emmet","05:02:00","09:36:00",13
996,"Sundown","05:07:00","03:42:00",161
997,"Sommers","06:15:00","04:00:00",97
998,"Oriole","06:18:00","03:14:00",165
999,"Trailsway","06:35:00","09:40:00",186
1000,"Division","06:12:00","07:41:00",144
1007,"Aylmar","07:39:00","10:46:00",93
1008,"Aprilette","06:22:00","06:00:00",12
1009,"Cord","07:47:00","11:33:00",135
1010,"Shayla","05:22:00","04:02:00",50
1011,"Gunner","05:34:00","03:06:00",16
1012,"Ripley","07:05:00","02:42:00",143
1013,"Giuditta","05:55:00","08:48:00",83
1014,"Anson","05:01:00","06:47:00",143
1015,"Querida","05:17:00","04:06:00",130
1016,"Sheree","05:27:00","07:01:00",82
1017,"Gearalt","07:51:00","10:53:00",107
1018,"Stacia","06:30:00","03:47:00",28
1019,"Sarina","06:15:00","10:39:00",2
1020,"Isa","05:42:00","06:30:00",128
1021,"Harald","06:46:00","11:19:00",59
1022,"Zak","07:52:00","02:02:00",143
1023,"Emelia","07:27:00","04:00:00",167
1024,"Trixie","06:19:00","03:15:00",141
1025,"Robinson","06:47:00","11:46:00",19
1026,"Paquito","05:30:00","02:51:00",55
1027,"Alessandro","06:18:00","06:30:00",70
1028,"Tonye","05:23:00","02:02:00",98
1029,"Abbey","05:34:00","06:36:00",156
1030,"Harlen","06:10:00","09:48:00",78
1031,"Alyssa","06:34:00","04:45:00",152
1032,"Austine","05:41:00","06:22:00",59
1033,"Lillis","05:35:00","07:19:00",135
1034,"Witty","07:49:00","07:29:00",28
1035,"Granny","05:15:00","03:39:00",4
1036,"Sholom","07:41:00","05:48:00",75
1037,"Opal","06:45:00","06:37:00",35
1038,"Roby","05:23:00","08:25:00",90
1039,"Weylin","07:06:00","10:47:00",35
1040,"Tito","05:25:00","03:12:00",73
1041,"Imogen","06:02:00","04:43:00",17
1042,"Niko","05:50:00","11:33:00",128
1043,"Lucina","07:38:00","11:12:00",77
1044,"Winslow","05:42:00","04:15:00",178
1045,"Jacquetta","06:10:00","11:37:00",183
1046,"Alanah","05:40:00","10:15:00",6
1047,"Delbert","05:15:00","06:57:00",20
1048,"Garth","07:42:00","07:43:00",190
1049,"Antoine","06:15:00","08:56:00",100
1050,"Violet","06:00:00","07:58:00",49
1051,"Golda","06:33:00","08:42:00",84
1052,"Kerwin","05:04:00","11:24:00",134
1053,"Horten","07:51:00","11:08:00",109
1054,"Catlin","06:57:00","06:34:00",178
1055,"Willie","07:01:00","04:48:00",113
1056,"Maximilianus","07:01:00","03:27:00",114
1057,"Georgetta","06:07:00","04:32:00",132
1058,"Madonna","05:52:00","07:00:00",161
1059,"Karrie","07:38:00","05:28:00",20
1060,"Joy","06:28:00","02:28:00",47
1061,"Free","05:02:00","04:36:00",143
1062,"Windy","06:07:00","08:31:00",90
1063,"Lannie","06:19:00","07:56:00",161
1064,"Gus","05:06:00","04:34:00",79
1065,"Zak","06:59:00","02:11:00",83
1066,"Patience","07:40:00","10:17:00",173
1067,"Tillie","05:17:00","10:06:00",149
1068,"Blayne","06:52:00","10:09:00",88
1069,"Cilka","05:45:00","06:56:00",126
1070,"Wildon","05:05:00","10:13:00",13
1071,"Charlot","07:33:00","08:36:00",46
1072,"Verena","06:45:00","03:18:00",114
1073,"Fallon","07:33:00","07:23:00",1
1074,"Miriam","06:02:00","10:04:00",113
1075,"Ginny","05:52:00","08:03:00",54
1076,"Eldon","07:30:00","03:17:00",26
1077,"Ninette","05:02:00","04:51:00",191
1078,"Rozalin","06:13:00","06:22:00",175
1079,"Nobie","07:21:00","05:00:00",153
1080,"Erny","05:35:00","09:31:00",154
1081,"Merwyn","06:43:00","06:16:00",83
1082,"Thia","05:14:00","07:50:00",56
1083,"Neala","07:26:00","02:03:00",104
1084,"Sinclair","05:03:00","08:35:00",172
1085,"Carolus","06:20:00","04:50:00",158
1086,"Sammy","05:36:00","06:11:00",2
1087,"Yard","07:51:00","05:50:00",171
1088,"Debor","06:03:00","03:02:00",58
1089,"Irene","06:36:00","03:21:00",190
1090,"Xylina","05:02:00","03:14:00",153
1091,"Kerry","07:41:00","03:54:00",182
1092,"Sonni","05:45:00","10:51:00",100
1093,"Bancroft","05:24:00","02:16:00",152
1094,"Gray","06:41:00","11:23:00",7
1095,"Geoffrey","07:54:00","03:20:00",126
1096,"Gerard","06:25:00","10:33:00",62
1097,"Alva","05:20:00","10:51:00",181
1098,"Jonie","06:19:00","07:32:00",139
1099,"Amanda","07:40:00","05:31:00",16
1100,"Evangeline","05:07:00","05:04:00",85
1101,"Joane","07:44:00","10:46:00",117
1102,"Bab","06:12:00","06:19:00",83
1103,"Westbrook","05:33:00","07:14:00",84
1104,"Collette","06:03:00","07:03:00",102
1105,"Bard","06:02:00","02:33:00",83
1106,"Alasdair","06:43:00","10:29:00",141
1107,"Iggie","07:28:00","11:55:00",181
1108,"Waring","07:51:00","03:02:00",97
1109,"Lancelot","06:45:00","10:08:00",63
1110,"Kacie","06:53:00","09:00:00",22
1111,"Kennith","07:09:00","06:11:00",190
1112,"Agretha","05:30:00","10:29:00",104
1113,"Iggy","07:40:00","11:10:00",44
1114,"Delaney","06:13:00","03:05:00",130
1115,"Launce","06:17:00","03:46:00",123
1116,"Florentia","06:49:00","03:38:00",192
1117,"Sabra","05:28:00","09:51:00",96
1118,"Brenn","05:41:00","10:37:00",181
1119,"Jessalin","06:42:00","03:57:00",82
1120,"Tynan","05:57:00","04:18:00",74
1121,"Mikaela","06:18:00","08:03:00",185
1122,"Gabrielle","06:30:00","03:51:00",95
1123,"Crissie","07:15:00","07:24:00",174
1124,"Flory","06:46:00","05:08:00",58
1125,"Lenora","05:50:00","11:11:00",65
1126,"Kelila","05:49:00","07:01:00",69
1127,"Martica","06:30:00","10:28:00",36
1128,"Deva","07:44:00","08:25:00",171
1129,"Leelah","05:56:00","11:56:00",172
1130,"Lynnett","07:43:00","02:47:00",115
1131,"Beck","05:16:00","04:59:00",67
1132,"Burton","06:58:00","05:45:00",168
1133,"Celinka","07:17:00","06:02:00",153
1134,"Filip","05:33:00","07:47:00",19
1135,"Alix","05:16:00","02:08:00",135
1136,"Stacee","07:46:00","04:40:00",103
1137,"Davey","07:31:00","08:56:00",31
1138,"Sibylle","07:25:00","06:22:00",148
1139,"Legra","05:38:00","06:17:00",92
1140,"Sara-ann","06:53:00","02:36:00",79
1141,"Peria","07:14:00","06:09:00",102
1142,"Fiorenze","05:37:00","02:22:00",122
1143,"Briggs","07:03:00","05:54:00",12
1144,"Tobin","06:45:00","07:53:00",186
1145,"Vassili","06:18:00","10:50:00",104
1146,"Clara","07:16:00","04:32:00",99
1147,"Linc","07:17:00","06:23:00",150
1148,"Nancee","06:03:00","02:49:00",43
1149,"Freida","06:17:00","08:10:00",43
1150,"Hilario","06:28:00","04:03:00",166
1151,"Emmit","07:23:00","06:43:00",195
1152,"Lurline","05:47:00","02:10:00",7
1153,"Stanwood","05:03:00","10:50:00",134
1154,"Reuben","06:08:00","05:07:00",101
1155,"Adair","07:03:00","03:55:00",182
1156,"Ilsa","07:02:00","06:38:00",123
1157,"Ferdinande","07:12:00","10:48:00",77
1158,"Stevana","05:23:00","07:04:00",183
1159,"Gonzalo","07:55:00","03:08:00",59
1160,"Clement","05:01:00","10:00:00",124
1161,"Brigitta","06:01:00","03:32:00",82
1162,"Hamid","06:15:00","07:46:00",55
1163,"Khalil","07:29:00","11:52:00",164
1164,"Torr","07:11:00","10:51:00",154
1165,"Marcelia","07:30:00","06:02:00",152
1166,"Forester","05:19:00","11:24:00",142
1167,"Vincent","06:45:00","10:16:00",142
1168,"Maura","07:23:00","09:27:00",11
1169,"Kristo","05:23:00","10:46:00",82
1170,"Sanford","06:53:00","11:24:00",112
1171,"Tammy","07:13:00","02:35:00",111
1172,"Raviv","05:28:00","05:30:00",48
1173,"Bernadene","07:43:00","07:56:00",53
1174,"Harbert","07:27:00","11:48:00",162
1175,"Hannis","05:30:00","08:36:00",162
1176,"Ammamaria","05:25:00","10:35:00",41
1177,"Alvinia","05:58:00","09:26:00",2
1178,"Nannie","06:38:00","04:32:00",64
1179,"Calhoun","07:43:00","04:50:00",194
1180,"Odessa","07:44:00","02:55:00",67
1181,"Wilmar","06:39:00","06:29:00",150
1182,"Araldo","06:34:00","02:36:00",124
1183,"Myrta","07:57:00","05:28:00",3
1184,"Godfree","05:18:00","02:41:00",6
1185,"Erasmus","07:34:00","06:03:00",98
1186,"Cariotta","07:11:00","11:52:00",38
1187,"Briana","05:17:00","03:39:00",114
1188,"Dawn","07:13:00","11:14:00",176
1189,"Dunc","07:05:00","11:21:00",38
1190,"Cherilynn","06:56:00","02:53:00",172
1191,"Alvira","05:18:00","05:59:00",176
1192,"Eamon","07:07:00","08:32:00",193
1193,"Guntar","06:10:00","09:27:00",151
1194,"Charline","07:42:00","09:48:00",173
1195,"Helge","05:38:00","08:43:00",39
1196,"Janeva","05:45:00","06:52:00",170
1197,"Ariana","07:24:00","10:19:00",3
1198,"Carlynne","05:53:00","07:46:00",4
1199,"Rickie","07:22:00","11:04:00",93
1200,"Fredia","06:33:00","07:59:00",102
1201,"Athene","05:07:00","05:26:00",17
1202,"Justinian","05:49:00","06:13:00",169
1203,"Granny","06:06:00","10:08:00",80
1204,"Debor","06:15:00","06:43:00",117
1205,"Willow","05:04:00","07:05:00",159
1206,"Kelbee","07:52:00","02:48:00",83
1207,"Joye","07:05:00","09:03:00",19
1208,"Diane-marie","06:29:00","05:33:00",151
1209,"Rafael","06:30:00","03:22:00",116
1210,"Anastassia","07:06:00","06:47:00",8
1211,"Nickolai","07:46:00","07:12:00",47
1212,"Cathrine","06:44:00","10:40:00",113
1213,"Gradeigh","06:24:00","05:04:00",117
1214,"Justin","05:14:00","06:16:00",166
1215,"Ludovika","06:19:00","09:04:00",71
1216,"Dionysus","06:25:00","04:17:00",165
1217,"Valentine","05:26:00","02:08:00",59
1218,"Nessy","07:03:00","09:21:00",65
1219,"Regan","05:55:00","04:28:00",117
1220,"Loraine","07:47:00","07:51:00",157
1221,"Misha","07:27:00","07:04:00",172
1222,"Arleta","06:24:00","04:23:00",56
1223,"Evanne","06:39:00","03:48:00",22
1224,"Terri-jo","07:57:00","06:32:00",100
1225,"Lou","07:23:00","05:39:00",87
1226,"Ronda","06:18:00","02:47:00",18
1227,"Nessi","05:00:00","05:18:00",79
1228,"Huntlee","07:11:00","02:31:00",70
1229,"Dex","07:56:00","06:39:00",175
1230,"Cosetta","06:08:00","11:56:00",92
1231,"Gael","07:01:00","11:09:00",50
1232,"Verena","06:41:00","02:18:00",83
1233,"Zaccaria","05:55:00","09:13:00",119
1234,"Fifi","05:15:00","11:13:00",59
1235,"Pen","07:58:00","08:04:00",174
1236,"Binnie","05:09:00","07:14:00",97
1237,"Bryna","05:04:00","11:03:00",94
1238,"Brandice","06:11:00","05:52:00",64
1239,"Bram","07:30:00","05:29:00",191
1240,"Lisette","05:27:00","02:39:00",137
1241,"Bronson","07:57:00","04:09:00",113
1242,"Cord","05:27:00","03:25:00",96
1243,"Ernst","05:03:00","06:54:00",13
1244,"George","07:18:00","07:31:00",175
1245,"Bree","06:56:00","10:31:00",57
1246,"Johanna","05:21:00","09:12:00",181
1247,"Yard","07:16:00","10:49:00",95
1248,"Mame","06:43:00","08:18:00",28
1249,"Aluin","06:52:00","03:20:00",159
1250,"Atalanta","06:24:00","08:05:00",11
1251,"Artie","05:44:00","02:58:00",48
1252,"Katti","05:01:00","05:06:00",153
1253,"Feodora","05:41:00","06:07:00",151
1254,"Kelbee","05:53:00","06:30:00",156
1255,"Bernhard","05:06:00","11:04:00",129
1256,"Cherice","07:40:00","08:18:00",194
1257,"Abie","07:07:00","05:36:00",11
1258,"Silva","07:11:00","05:07:00",26
1259,"Leigha","07:34:00","08:24:00",90
1260,"Dierdre","06:06:00","11:21:00",112
1261,"Benjy","07:26:00","05:35:00",23
1262,"Becki","05:49:00","02:53:00",1
1263,"Theodora","07:27:00","05:45:00",86
1264,"Hannah","06:36:00","08:33:00",45
1265,"Gregoor","06:52:00","06:06:00",30
1266,"Mallory","07:38:00","07:23:00",12
1267,"Waylen","06:47:00","06:30:00",11
1268,"Natalie","05:50:00","07:48:00",177
1269,"Gillie","05:15:00","09:39:00",41
1270,"Krystal","07:08:00","02:31:00",102
1271,"Prissie","05:26:00","11:29:00",98
1272,"Antin","05:07:00","04:05:00",106
1273,"Lilah","07:10:00","06:59:00",31
1274,"Janeva","05:45:00","07:42:00",114
1275,"Odelle","05:42:00","08:35:00",159
1276,"Rose","07:31:00","05:06:00",161
1277,"Melina","05:25:00","08:35:00",42
1278,"Brucie","06:01:00","06:10:00",165
1279,"Ches","07:12:00","08:57:00",190
1280,"Alec","05:33:00","05:34:00",105
1281,"Waylan","07:42:00","09:34:00",57
1282,"Melisent","05:05:00","03:30:00",99
1283,"Chas","05:01:00","07:40:00",16
1284,"Rolf","07:42:00","10:14:00",74
1285,"Klarrisa","07:04:00","09:06:00",182
1286,"Dunn","05:25:00","09:27:00",23
1287,"Winnah","06:20:00","10:38:00",33
1288,"Loren","07:02:00","08:19:00",127
1289,"Lil","05:53:00","08:54:00",38
1290,"Ario","07:22:00","06:25:00",184
1291,"Morry","07:35:00","09:51:00",51
1292,"Andreana","07:26:00","11:59:00",113
1293,"Jareb","05:32:00","10:11:00",67
1294,"Mano","07:18:00","09:14:00",54
1295,"Putnem","06:25:00","05:49:00",114
1296,"Maitilde","06:24:00","02:48:00",154
1297,"Elsbeth","05:32:00","06:56:00",193
1298,"Mignonne","05:27:00","10:35:00",37
1299,"Stephine","07:56:00","07:15:00",12
1300,"Bernard","06:54:00","11:09:00",57
1301,"Charlean","07:54:00","11:33:00",62
1302,"Editha","05:11:00","03:29:00",166
1303,"Roby","06:11:00","10:59:00",13
1304,"Kelcey","06:13:00","11:39:00",8
1305,"Aridatha","06:11:00","06:30:00",5
1306,"Ogdan","07:19:00","11:43:00",142
1307,"Del","05:00:00","10:22:00",95
1308,"Mari","07:54:00","06:37:00",119
1309,"Josselyn","07:45:00","11:25:00",175
1310,"Brendin","05:56:00","07:40:00",51
1311,"Chico","05:48:00","11:32:00",31
1312,"Hal","05:14:00","07:15:00",79
1313,"Amabelle","05:45:00","04:54:00",135
1314,"Orlando","06:07:00","11:36:00",30
1315,"Lynna","05:09:00","05:54:00",126
1316,"Constancia","05:23:00","05:05:00",96
1317,"Bonnie","05:31:00","06:29:00",70
1318,"Charlotte","05:43:00","09:15:00",66
1319,"Riva","05:22:00","08:50:00",173
1320,"Flossie","07:02:00","06:31:00",162
1321,"Jackquelin","07:27:00","05:36:00",116
1322,"Glennis","05:27:00","06:14:00",175
1323,"Franklin","07:56:00","06:32:00",51
1324,"Morgun","06:16:00","06:13:00",20
1325,"Pablo","05:50:00","03:04:00",59
1326,"Klemens","05:39:00","05:31:00",174
1327,"Nils","07:56:00","06:48:00",87
1328,"Parke","06:10:00","04:37:00",8
1329,"Feliks","05:31:00","07:33:00",187
1330,"Cindee","06:02:00","07:39:00",124
1331,"Milton","07:54:00","03:02:00",22
1332,"Iosep","06:01:00","04:11:00",19
1333,"Berny","07:39:00","09:23:00",55
1334,"Grace","07:06:00","09:31:00",158
1335,"Rosalynd","06:12:00","10:57:00",26
1336,"Niccolo","07:07:00","06:42:00",177
1337,"Siegfried","05:35:00","09:05:00",187
1338,"Jacinthe","05:57:00","08:41:00",164
1339,"Harv","07:55:00","10:23:00",180
1340,"Anton","05:16:00","06:15:00",165
1341,"Roseann","06:28:00","11:12:00",48
1342,"Virgil","06:20:00","06:55:00",12
1343,"Timmie","06:49:00","02:46:00",56
1344,"Lacey","06:17:00","02:50:00",94
1345,"Penni","07:25:00","09:20:00",57
1346,"Margie","06:56:00","03:46:00",124
1347,"Marni","05:02:00","10:27:00",170
1348,"Michael","05:48:00","09:08:00",39
1349,"Issi","05:29:00","02:17:00",21
1350,"Arin","07:02:00","06:25:00",72
1351,"Glennis","06:26:00","06:23:00",36
1352,"Griffie","06:31:00","06:40:00",134
1353,"Susanne","07:28:00","05:23:00",126
1354,"Koralle","06:11:00","11:35:00",111
1355,"Woodie","06:57:00","10:41:00",132
1356,"Orelie","06:28:00","05:13:00",76
1357,"Selma","07:36:00","08:04:00",17
1358,"Isidoro","07:41:00","05:33:00",20
1359,"Christean","07:24:00","05:55:00",45
1360,"Aluin","05:23:00","03:39:00",195
1361,"Terry","07:04:00","08:30:00",149
1362,"Norrie","06:24:00","10:10:00",45
1363,"Dorine","06:02:00","04:35:00",195
1364,"Nell","06:44:00","02:29:00",112
1365,"Neilla","06:10:00","03:03:00",33
1366,"Sonnnie","05:21:00","10:32:00",131
1367,"Hyacinthe","06:33:00","11:56:00",77
1368,"Roshelle","06:23:00","11:12:00",107
1369,"Mable","05:55:00","05:27:00",41
1370,"Foster","06:38:00","08:43:00",69
1371,"Rosamund","06:43:00","10:55:00",12
1372,"Paulette","06:16:00","10:09:00",145
1373,"Cookie","06:27:00","05:11:00",148
1374,"Emlen","07:22:00","07:30:00",180
1375,"Wileen","05:49:00","09:00:00",164
1376,"Eydie","05:46:00","10:21:00",82
1377,"Francois","06:29:00","06:25:00",158
1378,"Lanette","05:57:00","04:29:00",145
1379,"Bobine","06:00:00","07:58:00",18
1380,"Gayel","05:52:00","07:19:00",147
1381,"Agathe","07:59:00","09:18:00",149
1382,"Rikki","05:37:00","02:59:00",106
1383,"Emlynn","05:48:00","05:12:00",92
1384,"Frederigo","05:03:00","11:11:00",172
1385,"Ranee","05:18:00","11:30:00",110
1386,"Lew","05:31:00","11:28:00",92
1387,"Quinlan","06:02:00","07:59:00",18
1388,"Leonora","06:45:00","08:19:00",35
1389,"Rosita","05:00:00","07:01:00",179
1390,"Romola","06:00:00","05:42:00",71
1391,"Tammi","07:03:00","05:17:00",157
1392,"Sibylla","06:11:00","03:39:00",89
1393,"Gabi","06:56:00","09:11:00",111
1394,"Gabby","07:18:00","06:56:00",148
1395,"Phyllys","05:05:00","02:22:00",83
1396,"Lemuel","07:17:00","05:03:00",121
1397,"Harwilll","07:30:00","11:38:00",64
1398,"Jasmina","06:24:00","11:46:00",14
1399,"Brenden","07:41:00","05:47:00",89
1400,"Kathrine","05:01:00","10:27:00",173
1401,"Luigi","07:08:00","07:47:00",104
1402,"Luis","06:12:00","05:39:00",123
1403,"Merci","06:39:00","03:26:00",142
1404,"Randee","06:16:00","02:01:00",21
1405,"Myles","05:43:00","04:07:00",183
1406,"Almire","05:15:00","06:49:00",120
1407,"Addy","07:01:00","05:50:00",27
1408,"Gerardo","06:59:00","07:47:00",145
1409,"Jarib","05:22:00","05:31:00",70
1410,"Bernardina","05:08:00","02:45:00",111
1411,"Wilden","07:26:00","10:26:00",101
1412,"Franz","06:48:00","08:42:00",12
1413,"Haskell","07:36:00","11:14:00",88
1414,"Giacobo","05:25:00","06:32:00",164
1415,"Karla","05:48:00","03:44:00",19
1416,"Laureen","07:01:00","04:01:00",64
1417,"April","06:30:00","08:28:00",150
1418,"Drusy","06:11:00","03:26:00",28
1419,"Mathilda","05:06:00","08:07:00",166
1420,"Perice","05:03:00","02:21:00",89
1421,"Dorey","07:54:00","09:35:00",51
1422,"Graehme","06:10:00","02:29:00",91
1423,"Coral","06:20:00","11:27:00",25
1424,"Pearline","05:54:00","06:58:00",51
1425,"Alta","05:15:00","11:10:00",52
1426,"Mozes","07:16:00","02:58:00",32
1427,"Fredrika","07:32:00","05:06:00",89
1428,"Mikael","05:46:00","10:28:00",23
1429,"My","05:11:00","08:40:00",149
1430,"Dianemarie","05:04:00","11:22:00",190
1431,"Franz","06:34:00","11:06:00",194
1432,"Norrie","07:45:00","09:50:00",100
1433,"Romola","05:11:00","06:14:00",161
1434,"Dunn","05:28:00","10:07:00",41
1435,"Obediah","06:57:00","10:19:00",62
1436,"Rivalee","06:54:00","07:38:00",192
1437,"Delainey","07:43:00","05:40:00",144
1438,"Tuck","07:25:00","10:54:00",110
1439,"Dasie","07:09:00","06:04:00",101
1440,"Arden","07:22:00","11:42:00",2
1441,"Byrle","05:33:00","07:59:00",145
1442,"Corbet","05:55:00","11:25:00",195
1443,"Innis","06:03:00","04:37:00",154
1444,"Giulia","06:29:00","04:26:00",10
1445,"Ferguson","07:51:00","04:55:00",194
1446,"Merralee","05:14:00","02:57:00",80
1447,"Romona","06:42:00","09:10:00",134
1448,"Eulalie","06:53:00","06:21:00",100
1449,"Dominique","06:33:00","10:23:00",75
1450,"Salvidor","05:23:00","04:42:00",2
1451,"Novelia","06:36:00","09:56:00",62
1452,"Maurits","07:01:00","09:26:00",192
1453,"Nicola","05:09:00","10:55:00",175
1454,"Gonzalo","06:33:00","10:58:00",96
1455,"Nani","07:27:00","07:42:00",134
1456,"Gery","05:15:00","03:49:00",123
1457,"Demetra","07:48:00","03:13:00",36
1458,"Arlee","05:14:00","05:58:00",81
1459,"Leanor","06:10:00","04:10:00",18
1460,"Anne","06:29:00","07:03:00",28
1461,"Orsa","05:22:00","05:47:00",179
1462,"Zebulon","06:11:00","10:48:00",147
1463,"Brennan","06:18:00","08:44:00",118
1464,"Annice","06:41:00","11:25:00",115
1465,"Rena","05:57:00","07:01:00",154
1466,"Marinna","06:52:00","09:02:00",192
1467,"Goober","07:43:00","08:33:00",170
1468,"Antony","05:13:00","07:57:00",83
1469,"Lucias","07:56:00","03:43:00",141
1470,"Blanch","06:34:00","02:54:00",50
1471,"Auguste","06:20:00","11:03:00",192
1472,"Hernando","06:30:00","11:54:00",100
1473,"Normand","07:44:00","03:51:00",109
1474,"Celine","05:04:00","10:00:00",114
1475,"Rochette","05:21:00","03:30:00",119
1476,"Daryle","07:55:00","07:06:00",106
1477,"Vanessa","05:58:00","02:36:00",163
1478,"Adoree","07:04:00","02:14:00",167
1479,"Mary","06:59:00","02:04:00",118
1480,"Ludwig","07:00:00","09:55:00",142
1481,"Addie","07:06:00","07:43:00",37
1482,"Lettie","05:42:00","05:15:00",98
1483,"Betteann","07:08:00","05:38:00",139
1484,"Eldredge","07:33:00","07:09:00",36
1485,"Ahmad","05:14:00","08:52:00",158
1486,"Franni","06:35:00","06:55:00",31
1487,"Arlen","07:48:00","07:58:00",132
1488,"Alfonse","05:12:00","06:57:00",127
1489,"Georgine","05:17:00","10:03:00",144
1490,"Frankie","06:28:00","02:20:00",161
1491,"Yolanda","07:40:00","10:10:00",101
1492,"Oralee","07:59:00","07:17:00",82
1493,"Gayla","06:36:00","05:03:00",92
1494,"Hendrik","06:10:00","11:24:00",125
1495,"Maible","06:15:00","03:52:00",153
1496,"Siward","07:47:00","02:50:00",150
1497,"Leonelle","05:51:00","05:53:00",174
1498,"Theodoric","05:33:00","06:31:00",26
1499,"Ralf","05:41:00","09:56:00",139
1500,"Mandy","06:26:00","04:45:00",4
1501,"Flory","05:34:00","09:26:00",56
1502,"Neil","05:24:00","06:57:00",172
1503,"Kacey","07:03:00","06:08:00",97
1504,"Roley","06:41:00","09:44:00",151
1505,"Emilio","05:43:00","07:26:00",27
1506,"Chloris","07:18:00","07:45:00",30
1507,"Olive","05:11:00","11:29:00",150
1508,"Valerye","07:17:00","02:17:00",76
1509,"Tripp","06:18:00","07:18:00",90
1510,"Konrad","07:09:00","02:31:00",51
1511,"Dewey","07:51:00","02:42:00",172
1512,"Samson","05:29:00","08:37:00",169
1513,"Stearne","06:19:00","07:18:00",114
1514,"Iormina","07:54:00","09:16:00",54
1515,"Laureen","05:28:00","06:46:00",126
1516,"Marcela","06:56:00","06:23:00",169
1517,"Kiley","07:51:00","04:53:00",81
1518,"Harland","06:18:00","08:45:00",153
1519,"Mei","05:32:00","10:56:00",60
1520,"Kirstin","06:10:00","05:02:00",79
1521,"Pail","07:35:00","10:30:00",135
1522,"Chantal","05:42:00","06:17:00",177
1523,"Alicea","07:16:00","03:06:00",74
1524,"Erina","06:40:00","02:06:00",30
1525,"Ignatius","06:15:00","05:38:00",147
1526,"Jordan","06:15:00","04:42:00",105
1527,"Martino","06:04:00","11:29:00",65
1528,"Gusta","07:50:00","02:19:00",186
1529,"Abie","06:37:00","05:52:00",88
1530,"Dulcinea","06:45:00","11:02:00",122
1531,"Harley","07:23:00","06:05:00",180
1532,"Brok","05:55:00","07:44:00",51
1533,"Carlo","06:02:00","03:31:00",46
1534,"Ches","06:57:00","10:36:00",74
1535,"Nolana","07:38:00","07:31:00",74
1536,"Dacie","05:31:00","04:27:00",35
1537,"Fairlie","07:28:00","08:25:00",115
1538,"Hailee","07:45:00","10:58:00",26
1539,"Ginnifer","07:21:00","04:22:00",27
1540,"Sutherland","07:14:00","04:24:00",126
1541,"Natty","05:13:00","06:15:00",45
1542,"Nicko","05:03:00","06:57:00",19
1543,"Glyn","05:08:00","08:04:00",190
1544,"Erskine","05:58:00","11:37:00",187
1545,"Lenci","06:52:00","03:20:00",52
1546,"Brockie","05:45:00","03:32:00",149
1547,"Ava","06:08:00","11:14:00",95
1548,"Wynn","07:48:00","08:58:00",148
1549,"Alric","05:20:00","05:48:00",180
1550,"Janine","06:30:00","04:54:00",187
1551,"Berny","05:58:00","06:31:00",35
1552,"Bordy","07:14:00","04:34:00",143
1553,"Brent","05:28:00","06:28:00",140
1554,"Marylee","07:02:00","05:38:00",110
1555,"Cordie","07:30:00","06:32:00",160
1556,"Susi","05:11:00","06:07:00",128
1557,"Stephana","05:29:00","06:09:00",146
1558,"Anderea","07:48:00","02:14:00",121
1559,"Dulcine","05:58:00","06:29:00",7
1560,"Haily","05:38:00","07:54:00",71
1561,"Melitta","05:53:00","08:26:00",37
1562,"Josie","07:38:00","07:27:00",72
1563,"Jo","07:43:00","02:01:00",157
1564,"Sibella","05:17:00","05:32:00",17
1565,"Miles","07:29:00","11:19:00",23
1566,"Claudianus","05:56:00","02:39:00",54
1567,"Meris","05:09:00","10:15:00",112
1568,"Clarita","05:15:00","06:46:00",3
1569,"Lavinie","05:50:00","10:29:00",108
1570,"Janos","07:45:00","06:53:00",168
1571,"Xever","05:07:00","09:35:00",193
1572,"Monro","07:34:00","04:23:00",15
1573,"Darsie","07:22:00","09:58:00",103
1574,"Laurence","07:54:00","11:02:00",51
1575,"Thibaud","05:07:00","03:01:00",76
1576,"Chandler","06:26:00","03:01:00",46
1577,"Renard","07:02:00","02:36:00",103
1578,"Janeen","06:11:00","03:53:00",12
1579,"Koenraad","06:44:00","09:02:00",30
1580,"Deloris","07:44:00","05:00:00",165
1581,"Afton","07:26:00","09:49:00",97
1582,"Myrtice","05:53:00","10:02:00",110
1583,"Catherine","07:05:00","04:32:00",20
1584,"Sadie","06:43:00","09:24:00",37
1585,"Isidor","05:41:00","10:43:00",6
1586,"Malanie","05:31:00","07:56:00",74
1587,"Christina","07:18:00","03:40:00",27
1588,"Darius","05:23:00","05:56:00",116
1589,"Therine","05:59:00","03:44:00",58
1590,"Marcia","06:53:00","09:55:00",182
1591,"Dunn","07:35:00","04:49:00",100
1592,"Vanna","05:42:00","08:47:00",26
1593,"Brigitta","06:57:00","11:10:00",142
1594,"Cody","05:04:00","05:31:00",127
1595,"Orrin","07:25:00","07:50:00",167
1596,"Garv","05:01:00","11:31:00",99
1597,"Der","05:46:00","10:06:00",22
1598,"Ab","06:22:00","04:21:00",165
1599,"Berty","07:10:00","09:17:00",34
1600,"Hertha","06:47:00","09:09:00",68
1601,"Sherman","05:54:00","11:32:00",98
1602,"Charmain","05:46:00","09:18:00",70
1603,"Torey","05:49:00","07:03:00",76
1604,"Sophie","05:46:00","09:02:00",104
1605,"Jessy","07:21:00","10:18:00",182
1606,"Jolee","05:45:00","11:50:00",102
1607,"Cathe","05:02:00","08:22:00",18
1608,"Prent","07:20:00","08:25:00",174
1609,"Claudianus","06:25:00","03:31:00",100
1610,"Tedda","06:40:00","06:13:00",48
1611,"Westley","06:45:00","11:42:00",115
1612,"Mada","07:52:00","04:57:00",72
1613,"Shem","07:58:00","02:31:00",140
1614,"Marchall","05:18:00","05:08:00",46
1615,"Hettie","05:31:00","06:24:00",122
1616,"Raine","06:57:00","09:17:00",170
1617,"Adlai","06:41:00","02:35:00",106
1618,"Brannon","06:40:00","02:48:00",13
1619,"Rory","06:17:00","08:34:00",192
1620,"Jessee","07:07:00","10:27:00",30
1621,"Lilah","06:33:00","04:05:00",1
1622,"Maribel","05:50:00","07:53:00",174
1623,"Rosie","07:46:00","09:26:00",95
1624,"Terri","05:13:00","05:31:00",115
1625,"Mendie","05:21:00","11:03:00",160
1626,"Killie","05:22:00","03:45:00",158
1627,"Lynnett","06:58:00","09:53:00",154
1628,"Gerrard","05:59:00","06:16:00",9
1629,"Sella","05:50:00","06:03:00",180
1630,"Manolo","06:58:00","11:47:00",33
1631,"Shanon","05:23:00","09:50:00",13
1632,"Tiebold","07:59:00","03:00:00",58
1633,"Vin","07:03:00","10:46:00",41
1634,"Hendrika","06:11:00","05:50:00",73
1635,"Dorree","07:35:00","10:04:00",51
1636,"Rosalie","06:07:00","07:02:00",28
1637,"Monte","07:06:00","06:09:00",2
1638,"Sammie","05:28:00","10:16:00",98
1639,"Jasmine","07:04:00","08:01:00",141
1640,"Bobbette","05:05:00","06:10:00",46
1641,"Page","06:38:00","02:27:00",60
1642,"Serge","05:33:00","08:18:00",162
1643,"Hannah","06:35:00","06:23:00",93
1644,"Halley","07:55:00","11:06:00",69
1645,"Hobart","07:42:00","07:46:00",103
1646,"Genia","06:20:00","02:41:00",100
1647,"Siobhan","06:52:00","04:50:00",120
1648,"Lesya","05:38:00","10:57:00",24
1649,"Blanca","05:21:00","03:22:00",146
1650,"Weber","06:30:00","04:59:00",163
1651,"Filberto","05:01:00","11:32:00",161
1652,"Caroljean","07:41:00","11:59:00",191
1653,"Gasparo","06:00:00","08:20:00",47
1654,"Otto","06:41:00","03:47:00",118
1655,"Erin","05:38:00","04:07:00",30
1656,"Casie","07:10:00","02:20:00",156
1657,"Anatola","05:04:00","07:08:00",190
1658,"Amelie","07:48:00","04:44:00",110
1659,"Nanon","07:34:00","06:40:00",79
1660,"Hugh","07:34:00","05:31:00",77
1661,"Bret","05:28:00","11:09:00",164
1662,"Lucy","05:30:00","07:13:00",116
1663,"Brand","06:49:00","05:03:00",130
1664,"Jacinthe","06:35:00","05:36:00",32
1665,"Nevsa","05:53:00","06:32:00",19
1666,"Barde","07:54:00","03:28:00",84
1667,"Tedmund","07:20:00","09:55:00",70
1668,"Morganne","06:41:00","10:12:00",66
1669,"Lorne","05:55:00","06:18:00",34
1670,"Pen","07:33:00","10:13:00",156
1671,"Vernen","06:27:00","08:53:00",99
1672,"Omero","07:58:00","08:22:00",57
1673,"Graig","07:46:00","08:16:00",76
1674,"Garrott","06:47:00","07:37:00",41
1675,"Harp","06:00:00","08:14:00",86
1676,"Maureen","07:33:00","07:08:00",23
1677,"Bell","06:31:00","06:11:00",120
1678,"Evyn","07:27:00","11:53:00",67
1679,"Abram","05:12:00","06:27:00",107
1680,"Teodorico","05:39:00","04:53:00",109
1681,"Janean","06:57:00","08:24:00",10
1682,"Gibbie","07:07:00","09:21:00",106
1683,"Jessie","06:29:00","09:44:00",167
1684,"Abby","05:50:00","06:33:00",89
1685,"Adara","05:25:00","02:22:00",52
1686,"Virginia","07:22:00","09:37:00",17
1687,"Way","06:37:00","09:02:00",187
1688,"Michel","06:58:00","07:02:00",142
1689,"Chuck","06:47:00","03:21:00",7
1690,"Arnuad","05:03:00","11:53:00",129
1691,"Gamaliel","05:19:00","10:07:00",116
1692,"Brendon","06:27:00","06:20:00",65
1693,"Rhys","05:43:00","11:43:00",171
1694,"Chickie","05:42:00","03:12:00",120
1695,"Gilli","07:23:00","08:07:00",107
1696,"Betteann","05:11:00","09:36:00",124
1697,"Kristine","06:31:00","11:54:00",97
1698,"Meredeth","07:53:00","08:14:00",41
1699,"Sisely","05:06:00","08:26:00",111
1700,"Joseito","05:45:00","06:00:00",113
1701,"Martguerita","07:15:00","06:30:00",121
1702,"Othella","07:07:00","11:32:00",185
1703,"Gibbie","06:06:00","11:46:00",116
1704,"Cletis","05:30:00","11:53:00",16
1705,"Justino","05:17:00","02:02:00",162
1706,"Corty","07:13:00","08:43:00",20
1707,"Briggs","07:21:00","05:15:00",76
1708,"Johannah","06:38:00","08:10:00",19
1709,"Buddie","05:36:00","03:03:00",127
1710,"Davey","05:43:00","10:18:00",65
1711,"Boonie","06:50:00","07:46:00",32
1712,"Krissie","06:11:00","03:30:00",115
1713,"Johnette","07:07:00","02:48:00",116
1714,"Lemmie","07:53:00","07:20:00",66
1715,"Arlana","05:11:00","09:58:00",139
1716,"Uri","07:03:00","06:24:00",105
1717,"Willa","05:40:00","08:38:00",84
1718,"Alie","06:35:00","05:32:00",94
1719,"Kipper","05:38:00","08:46:00",129
1720,"Clementina","07:09:00","10:29:00",71
1721,"Margeaux","06:06:00","04:29:00",88
1722,"Guglielmo","06:18:00","05:15:00",87
1723,"Halimeda","07:57:00","02:40:00",148
1724,"Cristabel","05:10:00","07:59:00",14
1725,"Eustace","05:55:00","10:35:00",9
1726,"Jessie","07:23:00","04:18:00",103
1727,"Courtnay","06:57:00","10:09:00",157
1728,"Merrili","07:25:00","02:50:00",172
1729,"Jacky","06:57:00","05:49:00",180
1730,"Lynnea","05:27:00","02:09:00",154
1731,"Babs","06:00:00","04:29:00",148
1732,"Wyatan","06:06:00","08:19:00",3
1733,"Robin","07:04:00","09:03:00",169
1734,"Angelita","05:49:00","02:10:00",139
1735,"Sampson","06:57:00","09:32:00",176
1736,"Illa","07:42:00","09:38:00",180
1737,"Jefferson","05:58:00","07:35:00",69
1738,"Rani","07:06:00","10:15:00",123
1739,"Corey","07:03:00","04:08:00",125
1740,"Gwendolen","07:42:00","09:39:00",11
1741,"Giordano","05:04:00","11:18:00",37
1742,"Hayley","06:40:00","07:55:00",113
1743,"Flossy","07:43:00","05:00:00",154
1744,"Sheeree","06:40:00","11:27:00",72
1745,"Aleta","05:53:00","07:22:00",50
1746,"Jessee","05:41:00","03:22:00",121
1747,"Rodie","06:01:00","09:02:00",155
1748,"Shaine","07:59:00","03:51:00",106
1749,"Kaleena","06:45:00","08:54:00",194
1750,"Melisent","05:34:00","07:31:00",177
1751,"Lee","06:02:00","02:24:00",129
1752,"Wendye","05:46:00","09:05:00",156
1753,"Corrinne","05:52:00","09:28:00",192
1754,"Portia","06:29:00","07:25:00",109
1755,"Laura","06:21:00","11:23:00",181
1756,"Sigfrid","06:40:00","05:51:00",173
1757,"Tansy","07:05:00","07:07:00",147
1758,"Dyan","05:15:00","06:40:00",117
1759,"Richmond","06:08:00","07:22:00",45
1760,"Reamonn","07:44:00","02:17:00",109
1761,"Thia","07:43:00","08:31:00",24
1762,"Brant","07:57:00","09:50:00",12
1763,"Avis","07:04:00","07:17:00",182
1764,"Alix","06:06:00","05:12:00",167
1765,"Jay","06:36:00","04:07:00",55
1766,"Rheba","07:35:00","07:37:00",167
1767,"Calv","06:23:00","04:31:00",86
1768,"Shayla","06:24:00","11:18:00",4
1769,"Mordecai","07:57:00","07:52:00",183
1770,"Leland","06:45:00","07:26:00",9
1771,"Polly","06:26:00","03:35:00",186
1772,"Carmine","06:47:00","02:08:00",111
1773,"Chev","07:28:00","06:18:00",83
1774,"Dagmar","05:16:00","07:16:00",121
1775,"Ches","06:07:00","07:14:00",177
1776,"Bea","05:17:00","06:52:00",16
1777,"Merla","07:35:00","09:22:00",161
1778,"Eberhard","05:33:00","08:17:00",16
1779,"Jarvis","05:51:00","08:44:00",68
1780,"Sianna","05:58:00","11:54:00",170
1781,"Frans","05:39:00","02:48:00",74
1782,"Anstice","05:15:00","05:44:00",22
1783,"Leupold","06:26:00","07:03:00",169
1784,"Adham","07:46:00","11:18:00",111
1785,"Sonja","07:11:00","08:31:00",12
1786,"Eveline","07:15:00","07:35:00",100
1787,"Tiphanie","07:09:00","07:09:00",155
1788,"Galen","06:41:00","10:10:00",98
1789,"Marie-jeanne","07:29:00","07:36:00",71
1790,"Jose","05:10:00","02:07:00",84
1791,"Dulci","07:55:00","03:22:00",178
1792,"Zelig","06:39:00","05:40:00",143
1793,"Astra","07:37:00","10:38:00",65
1794,"Salaidh","05:08:00","09:29:00",137
1795,"Diane-marie","07:56:00","04:42:00",57
1796,"Micaela","07:44:00","09:14:00",170
1797,"Stephanus","06:46:00","09:06:00",74
1798,"Federico","07:56:00","08:30:00",128
1799,"Jourdan","07:01:00","07:38:00",115
1800,"Jasmin","07:20:00","08:39:00",156
1801,"Hollis","07:45:00","02:58:00",64
1802,"Nicol","05:32:00","06:03:00",139
1803,"Shanna","06:27:00","02:29:00",145
1804,"Bernadine","06:25:00","04:45:00",116
1805,"Ruprecht","07:51:00","06:55:00",23
1806,"Bobbye","06:04:00","07:35:00",19
1807,"Ezri","07:16:00","03:05:00",168
1808,"Jada","05:57:00","03:34:00",146
1809,"Durant","05:36:00","02:03:00",167
1810,"Augy","05:39:00","08:30:00",183
1811,"Barbara","05:49:00","04:39:00",32
1812,"Langston","06:19:00","04:35:00",164
1813,"Corissa","05:03:00","06:11:00",166
1814,"Lauren","07:35:00","08:22:00",191
1815,"Rodolphe","06:30:00","05:04:00",63
1816,"Randie","05:41:00","02:41:00",72
1817,"Roxie","06:03:00","04:02:00",73
1818,"Kaylyn","05:57:00","06:51:00",116
1819,"Marta","07:12:00","06:18:00",184
1820,"Becky","07:37:00","03:51:00",48
1821,"Lovell","05:33:00","10:06:00",173
1822,"Garrik","07:40:00","05:46:00",146
1823,"Birk","05:45:00","06:28:00",111
1824,"Shalna","05:17:00","11:25:00",62
1825,"Eirena","05:30:00","07:07:00",126
1826,"Linet","07:24:00","04:34:00",183
1827,"Clare","05:37:00","06:07:00",93
1828,"Junia","06:18:00","09:29:00",23
1829,"Pauly","06:44:00","03:57:00",143
1830,"Connor","05:04:00","11:34:00",27
1831,"Bronson","05:14:00","05:25:00",17
1832,"Crystal","07:31:00","09:32:00",171
1833,"Frasquito","05:27:00","02:17:00",86
1834,"Saba","07:19:00","05:24:00",95
1835,"Barron","05:34:00","05:30:00",127
1836,"Janice","06:32:00","07:27:00",42
1837,"Linnea","07:26:00","03:45:00",153
1838,"Rebeka","07:47:00","11:13:00",49
1839,"Reinhard","05:41:00","08:49:00",129
1840,"Melli","07:12:00","09:02:00",42
1841,"Cecilla","06:20:00","10:26:00",143
1842,"Blancha","05:12:00","11:01:00",33
1843,"Durante","06:58:00","07:19:00",36
1844,"Annaliese","05:31:00","10:32:00",86
1845,"Ringo","07:04:00","10:44:00",194
1846,"Oren","06:04:00","09:51:00",119
1847,"Vernice","07:11:00","10:27:00",99
1848,"Abra","06:05:00","07:50:00",21
1849,"Jervis","07:58:00","03:09:00",103
1850,"Masha","05:19:00","10:36:00",87
1851,"Rodger","07:01:00","06:52:00",104
1852,"Phaedra","07:14:00","08:41:00",74
1853,"Ugo","06:27:00","07:04:00",126
1854,"Jania","07:02:00","09:51:00",69
1855,"Kiele","06:02:00","10:18:00",173
1856,"Noak","07:39:00","02:09:00",62
1857,"Tandi","05:58:00","05:27:00",26
1858,"Jaine","06:10:00","06:56:00",151
1859,"Barby","07:35:00","04:03:00",54
1860,"Alta","05:07:00","11:56:00",118
1861,"Dode","06:00:00","04:42:00",39
1862,"Jerrold","05:31:00","07:40:00",48
1863,"Beale","06:57:00","05:45:00",127
1864,"Kalie","06:09:00","04:57:00",18
1865,"Murielle","06:04:00","05:17:00",91
1866,"Carmelle","07:14:00","04:44:00",191
1867,"Mattie","05:11:00","05:28:00",123
1868,"Adelbert","07:39:00","02:22:00",166
1869,"Sloan","05:55:00","10:13:00",5
1870,"Darsey","05:18:00","03:36:00",137
1871,"Luci","07:03:00","08:07:00",160
1872,"Yorgo","05:04:00","02:25:00",185
1873,"Adan","07:01:00","02:51:00",131
1874,"Jackqueline","06:52:00","07:36:00",161
1875,"Maurise","06:48:00","06:51:00",150
1876,"Aylmar","05:57:00","11:11:00",36
1877,"Rivi","07:25:00","06:53:00",69
1878,"Malachi","05:08:00","08:56:00",38
1879,"Graeme","06:42:00","06:22:00",97
1880,"Court","05:06:00","04:19:00",105
1881,"Rollins","06:01:00","02:27:00",125
1882,"Dorey","05:19:00","09:28:00",9
1883,"Eudora","07:15:00","08:33:00",115
1884,"Valentine","05:16:00","08:08:00",69
1885,"Edmund","05:17:00","08:30:00",164
1886,"Harrison","07:31:00","05:25:00",52
1887,"Anastasia","05:22:00","03:34:00",177
1888,"Lemmy","05:30:00","09:18:00",148
1889,"Brigitta","05:17:00","11:48:00",100
1890,"Dotty","05:44:00","06:31:00",48
1891,"Dulciana","05:28:00","07:43:00",186
1892,"Pammie","06:57:00","08:04:00",168
1893,"Reinwald","07:52:00","10:39:00",130
1894,"Jolynn","06:12:00","03:04:00",20
1895,"Corenda","05:12:00","09:27:00",7
1896,"Joanne","07:55:00","04:42:00",92
1897,"Itch","07:50:00","04:34:00",189
1898,"Sax","07:51:00","04:35:00",128
1899,"Lois","05:57:00","07:24:00",14
1900,"Norman","07:14:00","04:32:00",93
1901,"Cleopatra","06:59:00","02:19:00",100
1902,"Maia","06:41:00","03:58:00",57
1903,"Skip","05:20:00","04:35:00",88
1904,"Gerti","06:06:00","09:55:00",116
1905,"Marleen","06:27:00","06:28:00",123
1906,"Kendre","06:31:00","07:49:00",145
1907,"Rozanna","07:02:00","11:36:00",153
1908,"Eleonora","07:07:00","10:30:00",111
1909,"Annie","07:24:00","10:52:00",80
1910,"Adolf","06:29:00","05:23:00",34
1911,"Lillis","07:35:00","09:58:00",145
1912,"Ruthie","05:24:00","11:54:00",67
1913,"Milzie","05:00:00","11:11:00",63
1914,"Kissie","06:25:00","11:42:00",145
1915,"Fabian","05:57:00","07:35:00",62
1916,"Glenden","07:38:00","11:00:00",124
1917,"Erica","07:30:00","02:07:00",176
1918,"Wilfrid","07:26:00","07:03:00",144
1919,"Tammie","07:45:00","06:01:00",95
1920,"Any","07:47:00","07:28:00",167
1921,"Drusilla","06:08:00","09:00:00",63
1922,"Dehlia","06:44:00","06:46:00",111
1923,"Willem","07:17:00","09:32:00",53
1924,"Amery","07:38:00","03:19:00",177
1925,"Fidole","05:30:00","08:00:00",111
1926,"Tris","05:04:00","11:35:00",83
1927,"Isabel","06:58:00","05:40:00",3
1928,"Esta","05:15:00","07:03:00",35
1929,"Winfred","06:00:00","11:10:00",125
1930,"Trever","06:09:00","10:45:00",68
1931,"Loralyn","06:07:00","05:51:00",56
1932,"Liz","05:55:00","10:33:00",76
1933,"Therese","05:28:00","04:07:00",123
1934,"Brannon","06:06:00","07:54:00",21
1935,"Ginger","07:49:00","11:33:00",55
1936,"Miof mela","05:37:00","03:34:00",92
1937,"Brady","06:30:00","05:15:00",33
1938,"Adela","05:27:00","11:12:00",3
1939,"Nelly","05:08:00","09:01:00",125
1940,"Felic","07:18:00","10:29:00",59
1941,"Lyndell","05:52:00","02:31:00",82
1942,"Dore","06:44:00","09:00:00",10
1943,"Jillayne","07:03:00","10:14:00",37
1944,"Jilly","07:12:00","10:24:00",55
1945,"Carmella","06:19:00","06:45:00",48
1946,"Ephraim","07:40:00","04:13:00",43
1947,"Jedidiah","06:36:00","08:45:00",91
1948,"Margareta","06:38:00","09:42:00",185
1949,"Basile","07:07:00","07:19:00",194
1950,"Farlee","06:18:00","04:04:00",59
1951,"Robbie","07:34:00","02:16:00",156
1952,"Javier","07:43:00","10:50:00",131
1953,"Marti","05:07:00","02:00:00",154
1954,"Stoddard","07:43:00","05:32:00",40
1955,"Abbe","07:33:00","11:11:00",134
1956,"Verene","06:22:00","02:18:00",49
1957,"Gasparo","06:37:00","07:10:00",15
1958,"Karol","06:24:00","10:29:00",129
1959,"Angelina","05:42:00","02:44:00",183
1960,"Adolph","06:40:00","09:27:00",65
1961,"Joy","07:04:00","03:02:00",59
1962,"Zebulen","06:07:00","10:15:00",190
1963,"Timmy","06:31:00","08:22:00",124
1964,"Frankie","05:40:00","05:47:00",148
1965,"Francois","05:02:00","07:44:00",24
1966,"Lilli","06:05:00","07:24:00",154
1967,"Shanna","05:05:00","03:14:00",35
1968,"Ofelia","06:05:00","10:00:00",131
1969,"Elisha","06:19:00","08:50:00",106
1970,"Ilka","07:25:00","06:40:00",96
1971,"Nerta","06:08:00","08:02:00",43
1972,"Laverne","07:19:00","09:18:00",44
1973,"Claiborne","07:24:00","07:28:00",40
1974,"Lainey","05:02:00","03:06:00",67
1975,"Fawne","06:40:00","05:17:00",128
1976,"Chere","06:53:00","08:54:00",122
1977,"Edwin","06:26:00","05:01:00",25
1978,"Siusan","05:24:00","02:27:00",98
1979,"Lonnie","07:33:00","11:25:00",148
1980,"Yardley","07:04:00","10:39:00",8
1981,"Genevieve","07:13:00","06:55:00",90
1982,"Vassily","06:35:00","05:33:00",134
1983,"Joice","06:47:00","05:09:00",135
1984,"Antone","05:50:00","08:04:00",43
1985,"Jessi","06:33:00","10:02:00",160
1986,"Aurelie","07:06:00","08:32:00",62
1987,"Cal","05:15:00","03:07:00",73
1988,"Sybila","06:41:00","02:00:00",39
1989,"Budd","05:58:00","11:38:00",185
1990,"Edie","06:40:00","08:31:00",60
1991,"Gunther","05:30:00","04:12:00",126
1992,"Conrade","06:41:00","05:59:00",101
1993,"Annaliese","05:43:00","06:13:00",72
1994,"Sydel","05:34:00","04:41:00",101
1995,"Ricki","06:17:00","09:46:00",182
1996,"Coral","05:38:00","09:22:00",137
1997,"Tybalt","07:46:00","08:51:00",80
1998,"Johnette","06:12:00","04:58:00",131
1999,"Cecile","07:31:00","03:03:00",111
2000,"Erna","07:35:00","10:36:00",9
2001,"Hedvige","06:30:00","05:39:00",77
2002,"Tadeo","05:03:00","06:27:00",111
2003,"Tedd","05:00:00","10:59:00",121
2004,"Tani","05:20:00","02:47:00",104
2005,"Gunther","07:11:00","03:25:00",174
2006,"Goldia","07:04:00","08:20:00",131
